CREATE TABLE "excelimporter$column" (
	"id" BIGINT NOT NULL,
	"colnumber" INT NULL,
	"text" VARCHAR_IGNORECASE(2147483647) NULL,
	"mappingtype" VARCHAR_IGNORECASE(9) NULL,
	"iskey" VARCHAR_IGNORECASE(3) NULL,
	"isreferencekey" VARCHAR_IGNORECASE(26) NULL,
	"status" VARCHAR_IGNORECASE(7) NULL,
	"details" VARCHAR_IGNORECASE(1000) NULL,
	"casesensitive" VARCHAR_IGNORECASE(3) NULL,
	"findattribute" VARCHAR_IGNORECASE(200) NULL,
	"findreference" VARCHAR_IGNORECASE(200) NULL,
	"findobjecttype" VARCHAR_IGNORECASE(200) NULL,
	"findmicroflow" VARCHAR_IGNORECASE(200) NULL,
	"datasource" VARCHAR_IGNORECASE(23) NULL,
	"attributetypeenum" VARCHAR_IGNORECASE(11) NULL,
	"inputmask" VARCHAR_IGNORECASE(20) NULL,
	"createddate" TIMESTAMP NULL,
	"changeddate" TIMESTAMP NULL,
	"system$changedby" BIGINT NULL,
	"system$owner" BIGINT NULL,
	PRIMARY KEY("id"));
CREATE INDEX "idx_excelimporter$column_system$changedby" ON "excelimporter$column" ("system$changedby" ASC,"id" ASC);
CREATE INDEX "idx_excelimporter$column_system$owner" ON "excelimporter$column" ("system$owner" ASC,"id" ASC);
INSERT INTO "mendixsystem$entity" ("id", 
"entity_name", 
"table_name", 
"remote", 
"remote_primary_key")
 VALUES ('236ba667-d3e9-4e85-a483-d6806c08e3c3', 
'ExcelImporter.Column', 
'excelimporter$column', 
false, 
false);
INSERT INTO "mendixsystem$attribute" ("id", 
"entity_id", 
"attribute_name", 
"column_name", 
"type", 
"length", 
"default_value", 
"is_auto_number")
 VALUES ('44ef41e9-7131-42b5-9cce-1ba0811340c8', 
'236ba667-d3e9-4e85-a483-d6806c08e3c3', 
'ColNumber', 
'colnumber', 
3, 
0, 
'', 
false);
INSERT INTO "mendixsystem$attribute" ("id", 
"entity_id", 
"attribute_name", 
"column_name", 
"type", 
"length", 
"default_value", 
"is_auto_number")
 VALUES ('3f33f4a3-d54a-42fc-88b1-82a0a9adb0c5', 
'236ba667-d3e9-4e85-a483-d6806c08e3c3', 
'Text', 
'text', 
30, 
0, 
'', 
false);
INSERT INTO "mendixsystem$attribute" ("id", 
"entity_id", 
"attribute_name", 
"column_name", 
"type", 
"length", 
"default_value", 
"is_auto_number")
 VALUES ('4f238dd0-e8d6-4e41-8ffc-f61bb9ae63e5', 
'236ba667-d3e9-4e85-a483-d6806c08e3c3', 
'MappingType', 
'mappingtype', 
40, 
9, 
'DoNotUse', 
false);
INSERT INTO "mendixsystem$attribute" ("id", 
"entity_id", 
"attribute_name", 
"column_name", 
"type", 
"length", 
"default_value", 
"is_auto_number")
 VALUES ('126666d1-3d17-478a-b936-1fd32e774389', 
'236ba667-d3e9-4e85-a483-d6806c08e3c3', 
'IsKey', 
'iskey', 
40, 
3, 
'No', 
false);
INSERT INTO "mendixsystem$attribute" ("id", 
"entity_id", 
"attribute_name", 
"column_name", 
"type", 
"length", 
"default_value", 
"is_auto_number")
 VALUES ('70425eed-e18c-4806-9ea2-98011bb96197', 
'236ba667-d3e9-4e85-a483-d6806c08e3c3', 
'IsReferenceKey', 
'isreferencekey', 
40, 
26, 
'NoKey', 
false);
INSERT INTO "mendixsystem$attribute" ("id", 
"entity_id", 
"attribute_name", 
"column_name", 
"type", 
"length", 
"default_value", 
"is_auto_number")
 VALUES ('2b0199ad-adb8-4540-ae74-a3088039556e', 
'236ba667-d3e9-4e85-a483-d6806c08e3c3', 
'Status', 
'status', 
40, 
7, 
'INFO', 
false);
INSERT INTO "mendixsystem$attribute" ("id", 
"entity_id", 
"attribute_name", 
"column_name", 
"type", 
"length", 
"default_value", 
"is_auto_number")
 VALUES ('a2e20568-b7ac-4158-ac8e-30d3d3c662a0', 
'236ba667-d3e9-4e85-a483-d6806c08e3c3', 
'Details', 
'details', 
30, 
1000, 
'', 
false);
INSERT INTO "mendixsystem$attribute" ("id", 
"entity_id", 
"attribute_name", 
"column_name", 
"type", 
"length", 
"default_value", 
"is_auto_number")
 VALUES ('488236fa-563c-413d-a3ad-86e106b770d2', 
'236ba667-d3e9-4e85-a483-d6806c08e3c3', 
'CaseSensitive', 
'casesensitive', 
40, 
3, 
'No', 
false);
INSERT INTO "mendixsystem$attribute" ("id", 
"entity_id", 
"attribute_name", 
"column_name", 
"type", 
"length", 
"default_value", 
"is_auto_number")
 VALUES ('2e475856-f12a-491c-90b7-b959d71cbcd4', 
'236ba667-d3e9-4e85-a483-d6806c08e3c3', 
'FindAttribute', 
'findattribute', 
30, 
200, 
'', 
false);
INSERT INTO "mendixsystem$attribute" ("id", 
"entity_id", 
"attribute_name", 
"column_name", 
"type", 
"length", 
"default_value", 
"is_auto_number")
 VALUES ('764543bc-fd8a-4ea1-8b60-a4bc30e1fa5a', 
'236ba667-d3e9-4e85-a483-d6806c08e3c3', 
'FindReference', 
'findreference', 
30, 
200, 
'', 
false);
INSERT INTO "mendixsystem$attribute" ("id", 
"entity_id", 
"attribute_name", 
"column_name", 
"type", 
"length", 
"default_value", 
"is_auto_number")
 VALUES ('c993e5c9-6ab7-4adb-859c-8ea721757ed5', 
'236ba667-d3e9-4e85-a483-d6806c08e3c3', 
'FindObjectType', 
'findobjecttype', 
30, 
200, 
'', 
false);
INSERT INTO "mendixsystem$attribute" ("id", 
"entity_id", 
"attribute_name", 
"column_name", 
"type", 
"length", 
"default_value", 
"is_auto_number")
 VALUES ('3de5c989-44db-4ca5-9e97-a2973005709d', 
'236ba667-d3e9-4e85-a483-d6806c08e3c3', 
'FindMicroflow', 
'findmicroflow', 
30, 
200, 
'', 
false);
INSERT INTO "mendixsystem$attribute" ("id", 
"entity_id", 
"attribute_name", 
"column_name", 
"type", 
"length", 
"default_value", 
"is_auto_number")
 VALUES ('ae6d6f60-81df-4455-8ab0-a87f82170f70', 
'236ba667-d3e9-4e85-a483-d6806c08e3c3', 
'DataSource', 
'datasource', 
40, 
23, 
'CellValue', 
false);
INSERT INTO "mendixsystem$attribute" ("id", 
"entity_id", 
"attribute_name", 
"column_name", 
"type", 
"length", 
"default_value", 
"is_auto_number")
 VALUES ('5124be7a-fc30-40d7-b7fc-8f6355f44ac9', 
'236ba667-d3e9-4e85-a483-d6806c08e3c3', 
'AttributeTypeEnum', 
'attributetypeenum', 
40, 
11, 
'', 
false);
INSERT INTO "mendixsystem$attribute" ("id", 
"entity_id", 
"attribute_name", 
"column_name", 
"type", 
"length", 
"default_value", 
"is_auto_number")
 VALUES ('0dd34cef-25eb-469e-b595-44d85dafd489', 
'236ba667-d3e9-4e85-a483-d6806c08e3c3', 
'InputMask', 
'inputmask', 
30, 
20, 
'', 
false);
INSERT INTO "mendixsystem$attribute" ("id", 
"entity_id", 
"attribute_name", 
"column_name", 
"type", 
"length", 
"default_value", 
"is_auto_number")
 VALUES ('0664387e-4024-3e04-9476-9302db4e822d', 
'236ba667-d3e9-4e85-a483-d6806c08e3c3', 
'createdDate', 
'createddate', 
20, 
0, 
'', 
false);
INSERT INTO "mendixsystem$attribute" ("id", 
"entity_id", 
"attribute_name", 
"column_name", 
"type", 
"length", 
"default_value", 
"is_auto_number")
 VALUES ('c6567bc4-20d3-33c2-b1f6-c08e1981be2f', 
'236ba667-d3e9-4e85-a483-d6806c08e3c3', 
'changedDate', 
'changeddate', 
20, 
0, 
'', 
false);
INSERT INTO "mendixsystem$index" ("id", 
"table_id", 
"index_name")
 VALUES ('68a61338-ed93-3f3f-bd5c-1d19f0ff4b36', 
'236ba667-d3e9-4e85-a483-d6806c08e3c3', 
'idx_excelimporter$column_system$changedby');
INSERT INTO "mendixsystem$index_column" ("index_id", 
"column_id", 
"sort_order", 
"ordinal")
 VALUES ('68a61338-ed93-3f3f-bd5c-1d19f0ff4b36', 
'3bca4ce6-c4cb-300d-9742-4750f07a1147', 
false, 
0);
INSERT INTO "mendixsystem$index" ("id", 
"table_id", 
"index_name")
 VALUES ('5a2c3f9a-f21e-3b1f-9f5a-daf3bb288029', 
'236ba667-d3e9-4e85-a483-d6806c08e3c3', 
'idx_excelimporter$column_system$owner');
INSERT INTO "mendixsystem$index_column" ("index_id", 
"column_id", 
"sort_order", 
"ordinal")
 VALUES ('5a2c3f9a-f21e-3b1f-9f5a-daf3bb288029', 
'49b3c562-d763-3cf7-99da-9bd7a9dc7737', 
false, 
0);
INSERT INTO "mendixsystem$association" ("id", 
"association_name", 
"table_name", 
"parent_entity_id", 
"child_entity_id", 
"parent_column_name", 
"child_column_name")
 VALUES ('3bca4ce6-c4cb-300d-9742-4750f07a1147', 
'System.changedBy', 
'system$changedby', 
'236ba667-d3e9-4e85-a483-d6806c08e3c3', 
'282e2e60-88a5-469d-84a5-ba8d9151644f', 
'id', 
'system$changedby');
INSERT INTO "mendixsystem$association" ("id", 
"association_name", 
"table_name", 
"parent_entity_id", 
"child_entity_id", 
"parent_column_name", 
"child_column_name")
 VALUES ('49b3c562-d763-3cf7-99da-9bd7a9dc7737', 
'System.owner', 
'system$owner', 
'236ba667-d3e9-4e85-a483-d6806c08e3c3', 
'282e2e60-88a5-469d-84a5-ba8d9151644f', 
'id', 
'system$owner');
CREATE TABLE "excelimporter$column_mastercolumn" (
	"excelimporter$columnid1" BIGINT NOT NULL,
	"excelimporter$columnid2" BIGINT NOT NULL,
	PRIMARY KEY("excelimporter$columnid1","excelimporter$columnid2"),
	CONSTRAINT "uniq_excelimporter$column_mastercolumn_excelimporter$columnid1" UNIQUE ("excelimporter$columnid1"));
CREATE INDEX "idx_excelimporter$column_mastercolumn_excelimporter$column_excelimporter$column" ON "excelimporter$column_mastercolumn" ("excelimporter$columnid2" ASC,"excelimporter$columnid1" ASC);
INSERT INTO "mendixsystem$association" ("id", 
"association_name", 
"table_name", 
"parent_entity_id", 
"child_entity_id", 
"parent_column_name", 
"child_column_name", 
"index_name")
 VALUES ('37cbf624-414c-4333-9efa-dc484b5779ad', 
'ExcelImporter.Column_MasterColumn', 
'excelimporter$column_mastercolumn', 
'236ba667-d3e9-4e85-a483-d6806c08e3c3', 
'236ba667-d3e9-4e85-a483-d6806c08e3c3', 
'excelimporter$columnid1', 
'excelimporter$columnid2', 
'idx_excelimporter$column_mastercolumn_excelimporter$column_excelimporter$column');
INSERT INTO "mendixsystem$unique_constraint" ("name", 
"table_id", 
"column_id")
 VALUES ('uniq_excelimporter$column_mastercolumn_excelimporter$columnid1', 
'37cbf624-414c-4333-9efa-dc484b5779ad', 
'e604f5f1-63a8-398d-a4d6-97d6d9966adb');
CREATE TABLE "excelimporter$column_template" (
	"excelimporter$columnid" BIGINT NOT NULL,
	"excelimporter$templateid" BIGINT NOT NULL,
	PRIMARY KEY("excelimporter$columnid","excelimporter$templateid"),
	CONSTRAINT "uniq_excelimporter$column_template_excelimporter$columnid" UNIQUE ("excelimporter$columnid"));
CREATE INDEX "idx_excelimporter$column_template_excelimporter$template_excelimporter$column" ON "excelimporter$column_template" ("excelimporter$templateid" ASC,"excelimporter$columnid" ASC);
INSERT INTO "mendixsystem$association" ("id", 
"association_name", 
"table_name", 
"parent_entity_id", 
"child_entity_id", 
"parent_column_name", 
"child_column_name", 
"index_name")
 VALUES ('02ba0c4c-04e4-4c4d-98b4-fdf063ec8840', 
'ExcelImporter.Column_Template', 
'excelimporter$column_template', 
'236ba667-d3e9-4e85-a483-d6806c08e3c3', 
'640e1b7e-a8c1-4d7c-8d7d-d1d248b43d9c', 
'excelimporter$columnid', 
'excelimporter$templateid', 
'idx_excelimporter$column_template_excelimporter$template_excelimporter$column');
INSERT INTO "mendixsystem$unique_constraint" ("name", 
"table_id", 
"column_id")
 VALUES ('uniq_excelimporter$column_template_excelimporter$columnid', 
'02ba0c4c-04e4-4c4d-98b4-fdf063ec8840', 
'5e4952dc-3bfb-3484-8007-f03e7b7eeacf');
CREATE TABLE "excelimporter$column_microflows" (
	"excelimporter$columnid" BIGINT NOT NULL,
	"mxmodelreflection$microflowsid" BIGINT NOT NULL,
	PRIMARY KEY("excelimporter$columnid","mxmodelreflection$microflowsid"),
	CONSTRAINT "uniq_excelimporter$column_microflows_excelimporter$columnid" UNIQUE ("excelimporter$columnid"));
CREATE INDEX "idx_excelimporter$column_microflows_mxmodelreflection$microflows_excelimporter$column" ON "excelimporter$column_microflows" ("mxmodelreflection$microflowsid" ASC,"excelimporter$columnid" ASC);
INSERT INTO "mendixsystem$association" ("id", 
"association_name", 
"table_name", 
"parent_entity_id", 
"child_entity_id", 
"parent_column_name", 
"child_column_name", 
"index_name")
 VALUES ('6845df4c-25db-47b7-8daa-9098eb85f36b', 
'ExcelImporter.Column_Microflows', 
'excelimporter$column_microflows', 
'236ba667-d3e9-4e85-a483-d6806c08e3c3', 
'6b02ec74-77e5-4911-b0c4-6b7f30790231', 
'excelimporter$columnid', 
'mxmodelreflection$microflowsid', 
'idx_excelimporter$column_microflows_mxmodelreflection$microflows_excelimporter$column');
INSERT INTO "mendixsystem$unique_constraint" ("name", 
"table_id", 
"column_id")
 VALUES ('uniq_excelimporter$column_microflows_excelimporter$columnid', 
'6845df4c-25db-47b7-8daa-9098eb85f36b', 
'bf240b2a-e83e-3bc7-945c-817f8d211670');
CREATE TABLE "excelimporter$column_valuetype" (
	"excelimporter$columnid" BIGINT NOT NULL,
	"mxmodelreflection$valuetypeid" BIGINT NOT NULL,
	PRIMARY KEY("excelimporter$columnid","mxmodelreflection$valuetypeid"),
	CONSTRAINT "uniq_excelimporter$column_valuetype_excelimporter$columnid" UNIQUE ("excelimporter$columnid"));
CREATE INDEX "idx_excelimporter$column_valuetype_mxmodelreflection$valuetype_excelimporter$column" ON "excelimporter$column_valuetype" ("mxmodelreflection$valuetypeid" ASC,"excelimporter$columnid" ASC);
INSERT INTO "mendixsystem$association" ("id", 
"association_name", 
"table_name", 
"parent_entity_id", 
"child_entity_id", 
"parent_column_name", 
"child_column_name", 
"index_name")
 VALUES ('f2771277-e9ef-4d0b-bafb-92fb4435cab2', 
'ExcelImporter.Column_ValueType', 
'excelimporter$column_valuetype', 
'236ba667-d3e9-4e85-a483-d6806c08e3c3', 
'5c806127-9af7-454a-b24b-799fefc3bd30', 
'excelimporter$columnid', 
'mxmodelreflection$valuetypeid', 
'idx_excelimporter$column_valuetype_mxmodelreflection$valuetype_excelimporter$column');
INSERT INTO "mendixsystem$unique_constraint" ("name", 
"table_id", 
"column_id")
 VALUES ('uniq_excelimporter$column_valuetype_excelimporter$columnid', 
'f2771277-e9ef-4d0b-bafb-92fb4435cab2', 
'6ac5b3ee-d4f3-353d-a8b4-cf9bae6120ad');
CREATE TABLE "excelimporter$column_mxobjecttype_reference" (
	"excelimporter$columnid" BIGINT NOT NULL,
	"mxmodelreflection$mxobjecttypeid" BIGINT NOT NULL,
	PRIMARY KEY("excelimporter$columnid","mxmodelreflection$mxobjecttypeid"),
	CONSTRAINT "uniq_excelimporter$column_mxobjecttype_reference_excelimporter$columnid" UNIQUE ("excelimporter$columnid"));
CREATE INDEX "idx_excelimporter$column_mxobjecttype_reference_mxmodelreflection$mxobjecttype_excelimporter$column" ON "excelimporter$column_mxobjecttype_reference" ("mxmodelreflection$mxobjecttypeid" ASC,"excelimporter$columnid" ASC);
INSERT INTO "mendixsystem$association" ("id", 
"association_name", 
"table_name", 
"parent_entity_id", 
"child_entity_id", 
"parent_column_name", 
"child_column_name", 
"index_name")
 VALUES ('fbb233cb-82c8-439a-8bea-6bef58c0de94', 
'ExcelImporter.Column_MxObjectType_Reference', 
'excelimporter$column_mxobjecttype_reference', 
'236ba667-d3e9-4e85-a483-d6806c08e3c3', 
'8c0b6878-3279-4f9e-a317-1bb2d4f36e40', 
'excelimporter$columnid', 
'mxmodelreflection$mxobjecttypeid', 
'idx_excelimporter$column_mxobjecttype_reference_mxmodelreflection$mxobjecttype_excelimporter$column');
INSERT INTO "mendixsystem$unique_constraint" ("name", 
"table_id", 
"column_id")
 VALUES ('uniq_excelimporter$column_mxobjecttype_reference_excelimporter$columnid', 
'fbb233cb-82c8-439a-8bea-6bef58c0de94', 
'a830866d-370c-311f-a94d-c8eb008e44f8');
CREATE TABLE "excelimporter$column_mxobjecttype" (
	"excelimporter$columnid" BIGINT NOT NULL,
	"mxmodelreflection$mxobjecttypeid" BIGINT NOT NULL,
	PRIMARY KEY("excelimporter$columnid","mxmodelreflection$mxobjecttypeid"),
	CONSTRAINT "uniq_excelimporter$column_mxobjecttype_excelimporter$columnid" UNIQUE ("excelimporter$columnid"));
CREATE INDEX "idx_excelimporter$column_mxobjecttype_mxmodelreflection$mxobjecttype_excelimporter$column" ON "excelimporter$column_mxobjecttype" ("mxmodelreflection$mxobjecttypeid" ASC,"excelimporter$columnid" ASC);
INSERT INTO "mendixsystem$association" ("id", 
"association_name", 
"table_name", 
"parent_entity_id", 
"child_entity_id", 
"parent_column_name", 
"child_column_name", 
"index_name")
 VALUES ('c21d6bd0-690e-4e86-9a8c-47b47db77269', 
'ExcelImporter.Column_MxObjectType', 
'excelimporter$column_mxobjecttype', 
'236ba667-d3e9-4e85-a483-d6806c08e3c3', 
'8c0b6878-3279-4f9e-a317-1bb2d4f36e40', 
'excelimporter$columnid', 
'mxmodelreflection$mxobjecttypeid', 
'idx_excelimporter$column_mxobjecttype_mxmodelreflection$mxobjecttype_excelimporter$column');
INSERT INTO "mendixsystem$unique_constraint" ("name", 
"table_id", 
"column_id")
 VALUES ('uniq_excelimporter$column_mxobjecttype_excelimporter$columnid', 
'c21d6bd0-690e-4e86-9a8c-47b47db77269', 
'60fa1e52-1eac-3e88-b03e-156d6e205ff0');
CREATE TABLE "excelimporter$column_mxobjectmember_reference" (
	"excelimporter$columnid" BIGINT NOT NULL,
	"mxmodelreflection$mxobjectmemberid" BIGINT NOT NULL,
	PRIMARY KEY("excelimporter$columnid","mxmodelreflection$mxobjectmemberid"),
	CONSTRAINT "uniq_excelimporter$column_mxobjectmember_reference_excelimporter$columnid" UNIQUE ("excelimporter$columnid"));
CREATE INDEX "idx_excelimporter$column_mxobjectmember_reference_mxmodelreflection$mxobjectmember_excelimporter$column" ON "excelimporter$column_mxobjectmember_reference" ("mxmodelreflection$mxobjectmemberid" ASC,"excelimporter$columnid" ASC);
INSERT INTO "mendixsystem$association" ("id", 
"association_name", 
"table_name", 
"parent_entity_id", 
"child_entity_id", 
"parent_column_name", 
"child_column_name", 
"index_name")
 VALUES ('5c6d8cad-ad93-4a4c-a495-c3af323c6973', 
'ExcelImporter.Column_MxObjectMember_Reference', 
'excelimporter$column_mxobjectmember_reference', 
'236ba667-d3e9-4e85-a483-d6806c08e3c3', 
'6de0c775-033d-4806-8709-1972bc10f953', 
'excelimporter$columnid', 
'mxmodelreflection$mxobjectmemberid', 
'idx_excelimporter$column_mxobjectmember_reference_mxmodelreflection$mxobjectmember_excelimporter$column');
INSERT INTO "mendixsystem$unique_constraint" ("name", 
"table_id", 
"column_id")
 VALUES ('uniq_excelimporter$column_mxobjectmember_reference_excelimporter$columnid', 
'5c6d8cad-ad93-4a4c-a495-c3af323c6973', 
'fc9478b1-b1c6-3f2f-bd68-a73af8e118df');
CREATE TABLE "excelimporter$column_mxobjectmember" (
	"excelimporter$columnid" BIGINT NOT NULL,
	"mxmodelreflection$mxobjectmemberid" BIGINT NOT NULL,
	PRIMARY KEY("excelimporter$columnid","mxmodelreflection$mxobjectmemberid"),
	CONSTRAINT "uniq_excelimporter$column_mxobjectmember_excelimporter$columnid" UNIQUE ("excelimporter$columnid"));
CREATE INDEX "idx_excelimporter$column_mxobjectmember_mxmodelreflection$mxobjectmember_excelimporter$column" ON "excelimporter$column_mxobjectmember" ("mxmodelreflection$mxobjectmemberid" ASC,"excelimporter$columnid" ASC);
INSERT INTO "mendixsystem$association" ("id", 
"association_name", 
"table_name", 
"parent_entity_id", 
"child_entity_id", 
"parent_column_name", 
"child_column_name", 
"index_name")
 VALUES ('6461a97c-3f20-4f12-be1b-c5cd6c517250', 
'ExcelImporter.Column_MxObjectMember', 
'excelimporter$column_mxobjectmember', 
'236ba667-d3e9-4e85-a483-d6806c08e3c3', 
'6de0c775-033d-4806-8709-1972bc10f953', 
'excelimporter$columnid', 
'mxmodelreflection$mxobjectmemberid', 
'idx_excelimporter$column_mxobjectmember_mxmodelreflection$mxobjectmember_excelimporter$column');
INSERT INTO "mendixsystem$unique_constraint" ("name", 
"table_id", 
"column_id")
 VALUES ('uniq_excelimporter$column_mxobjectmember_excelimporter$columnid', 
'6461a97c-3f20-4f12-be1b-c5cd6c517250', 
'936e500f-5214-38e4-816a-e295d81e333c');
CREATE TABLE "excelimporter$column_mxobjectreference" (
	"excelimporter$columnid" BIGINT NOT NULL,
	"mxmodelreflection$mxobjectreferenceid" BIGINT NOT NULL,
	PRIMARY KEY("excelimporter$columnid","mxmodelreflection$mxobjectreferenceid"),
	CONSTRAINT "uniq_excelimporter$column_mxobjectreference_excelimporter$columnid" UNIQUE ("excelimporter$columnid"));
CREATE INDEX "idx_excelimporter$column_mxobjectreference_mxmodelreflection$mxobjectreference_excelimporter$column" ON "excelimporter$column_mxobjectreference" ("mxmodelreflection$mxobjectreferenceid" ASC,"excelimporter$columnid" ASC);
INSERT INTO "mendixsystem$association" ("id", 
"association_name", 
"table_name", 
"parent_entity_id", 
"child_entity_id", 
"parent_column_name", 
"child_column_name", 
"index_name")
 VALUES ('b4de613c-452d-46a6-9d9d-f862ddb38a36', 
'ExcelImporter.Column_MxObjectReference', 
'excelimporter$column_mxobjectreference', 
'236ba667-d3e9-4e85-a483-d6806c08e3c3', 
'2b4c4f14-8694-4674-aad6-a935bbf61002', 
'excelimporter$columnid', 
'mxmodelreflection$mxobjectreferenceid', 
'idx_excelimporter$column_mxobjectreference_mxmodelreflection$mxobjectreference_excelimporter$column');
INSERT INTO "mendixsystem$unique_constraint" ("name", 
"table_id", 
"column_id")
 VALUES ('uniq_excelimporter$column_mxobjectreference_excelimporter$columnid', 
'b4de613c-452d-46a6-9d9d-f862ddb38a36', 
'ff85188f-b726-386f-8c9e-22ae60151b30');
CREATE TABLE "excelimporter$additionalproperties" (
	"id" BIGINT NOT NULL,
	"printstatisticsmessages" VARCHAR_IGNORECASE(19) NULL,
	"printnotfoundmessages_mainobject" BOOLEAN NULL,
	"ignoreemptykeys" BOOLEAN NULL,
	"commitunchangedobjects_mainobject" BOOLEAN NULL,
	"removeunsyncedobjects" VARCHAR_IGNORECASE(22) NULL,
	"resetemptyassociations" BOOLEAN NULL,
	"createddate" TIMESTAMP NULL,
	"changeddate" TIMESTAMP NULL,
	"system$owner" BIGINT NULL,
	"system$changedby" BIGINT NULL,
	PRIMARY KEY("id"));
CREATE INDEX "idx_excelimporter$additionalproperties_system$owner" ON "excelimporter$additionalproperties" ("system$owner" ASC,"id" ASC);
CREATE INDEX "idx_excelimporter$additionalproperties_system$changedby" ON "excelimporter$additionalproperties" ("system$changedby" ASC,"id" ASC);
INSERT INTO "mendixsystem$entity" ("id", 
"entity_name", 
"table_name", 
"remote", 
"remote_primary_key")
 VALUES ('bbc64b9e-a4c9-4b1a-8784-6548eda8ed7d', 
'ExcelImporter.AdditionalProperties', 
'excelimporter$additionalproperties', 
false, 
false);
INSERT INTO "mendixsystem$attribute" ("id", 
"entity_id", 
"attribute_name", 
"column_name", 
"type", 
"length", 
"default_value", 
"is_auto_number")
 VALUES ('c2e5cf6f-8844-4fe2-94b7-cae80fbba846', 
'bbc64b9e-a4c9-4b1a-8784-6548eda8ed7d', 
'PrintStatisticsMessages', 
'printstatisticsmessages', 
40, 
19, 
'AllStatistics', 
false);
INSERT INTO "mendixsystem$attribute" ("id", 
"entity_id", 
"attribute_name", 
"column_name", 
"type", 
"length", 
"default_value", 
"is_auto_number")
 VALUES ('7d69973f-718d-4080-9c0e-ccb97f4fc6c5', 
'bbc64b9e-a4c9-4b1a-8784-6548eda8ed7d', 
'PrintNotFoundMessages_MainObject', 
'printnotfoundmessages_mainobject', 
10, 
0, 
'true', 
false);
INSERT INTO "mendixsystem$attribute" ("id", 
"entity_id", 
"attribute_name", 
"column_name", 
"type", 
"length", 
"default_value", 
"is_auto_number")
 VALUES ('74d0b661-9720-4a4c-a950-d1442cad27ee', 
'bbc64b9e-a4c9-4b1a-8784-6548eda8ed7d', 
'IgnoreEmptyKeys', 
'ignoreemptykeys', 
10, 
0, 
'true', 
false);
INSERT INTO "mendixsystem$attribute" ("id", 
"entity_id", 
"attribute_name", 
"column_name", 
"type", 
"length", 
"default_value", 
"is_auto_number")
 VALUES ('5e8a9351-0fc6-4f6b-857e-f8e1f59e4d02', 
'bbc64b9e-a4c9-4b1a-8784-6548eda8ed7d', 
'CommitUnchangedObjects_MainObject', 
'commitunchangedobjects_mainobject', 
10, 
0, 
'true', 
false);
INSERT INTO "mendixsystem$attribute" ("id", 
"entity_id", 
"attribute_name", 
"column_name", 
"type", 
"length", 
"default_value", 
"is_auto_number")
 VALUES ('e1a31bb4-6fe7-4163-b066-ab220ff14797', 
'bbc64b9e-a4c9-4b1a-8784-6548eda8ed7d', 
'RemoveUnsyncedObjects', 
'removeunsyncedobjects', 
40, 
22, 
'Nothing', 
false);
INSERT INTO "mendixsystem$attribute" ("id", 
"entity_id", 
"attribute_name", 
"column_name", 
"type", 
"length", 
"default_value", 
"is_auto_number")
 VALUES ('f50aad75-e5a6-4c48-b476-82c96184e2f7', 
'bbc64b9e-a4c9-4b1a-8784-6548eda8ed7d', 
'ResetEmptyAssociations', 
'resetemptyassociations', 
10, 
0, 
'false', 
false);
INSERT INTO "mendixsystem$attribute" ("id", 
"entity_id", 
"attribute_name", 
"column_name", 
"type", 
"length", 
"default_value", 
"is_auto_number")
 VALUES ('2d97977c-1cb1-33db-8e0e-9c233744ce7e', 
'bbc64b9e-a4c9-4b1a-8784-6548eda8ed7d', 
'createdDate', 
'createddate', 
20, 
0, 
'', 
false);
INSERT INTO "mendixsystem$attribute" ("id", 
"entity_id", 
"attribute_name", 
"column_name", 
"type", 
"length", 
"default_value", 
"is_auto_number")
 VALUES ('e2c8e26f-26e8-39dd-8b26-d86bf1acb77b', 
'bbc64b9e-a4c9-4b1a-8784-6548eda8ed7d', 
'changedDate', 
'changeddate', 
20, 
0, 
'', 
false);
INSERT INTO "mendixsystem$index" ("id", 
"table_id", 
"index_name")
 VALUES ('6d2751da-432e-390d-b5a4-e62ca6e80e6a', 
'bbc64b9e-a4c9-4b1a-8784-6548eda8ed7d', 
'idx_excelimporter$additionalproperties_system$owner');
INSERT INTO "mendixsystem$index_column" ("index_id", 
"column_id", 
"sort_order", 
"ordinal")
 VALUES ('6d2751da-432e-390d-b5a4-e62ca6e80e6a', 
'47b4cbdb-603f-3606-9660-18bda7b56ee1', 
false, 
0);
INSERT INTO "mendixsystem$index" ("id", 
"table_id", 
"index_name")
 VALUES ('8b47346d-37ba-3ddc-bd8d-592ede7fb665', 
'bbc64b9e-a4c9-4b1a-8784-6548eda8ed7d', 
'idx_excelimporter$additionalproperties_system$changedby');
INSERT INTO "mendixsystem$index_column" ("index_id", 
"column_id", 
"sort_order", 
"ordinal")
 VALUES ('8b47346d-37ba-3ddc-bd8d-592ede7fb665', 
'4e63126d-e01c-3a20-b164-146c6a8fc3d8', 
false, 
0);
INSERT INTO "mendixsystem$association" ("id", 
"association_name", 
"table_name", 
"parent_entity_id", 
"child_entity_id", 
"parent_column_name", 
"child_column_name")
 VALUES ('47b4cbdb-603f-3606-9660-18bda7b56ee1', 
'System.owner', 
'system$owner', 
'bbc64b9e-a4c9-4b1a-8784-6548eda8ed7d', 
'282e2e60-88a5-469d-84a5-ba8d9151644f', 
'id', 
'system$owner');
INSERT INTO "mendixsystem$association" ("id", 
"association_name", 
"table_name", 
"parent_entity_id", 
"child_entity_id", 
"parent_column_name", 
"child_column_name")
 VALUES ('4e63126d-e01c-3a20-b164-146c6a8fc3d8', 
'System.changedBy', 
'system$changedby', 
'bbc64b9e-a4c9-4b1a-8784-6548eda8ed7d', 
'282e2e60-88a5-469d-84a5-ba8d9151644f', 
'id', 
'system$changedby');
CREATE TABLE "excelimporter$additionalproperties_mxobjectmember_removeindicator" (
	"excelimporter$additionalpropertiesid" BIGINT NOT NULL,
	"mxmodelreflection$mxobjectmemberid" BIGINT NOT NULL,
	PRIMARY KEY("excelimporter$additionalpropertiesid","mxmodelreflection$mxobjectmemberid"),
	CONSTRAINT "uniq_excelimporter$additionalproperties_mxobjectmember_removeindicator_excelimporter$additionalpropertiesid" UNIQUE ("excelimporter$additionalpropertiesid"));
CREATE INDEX "idx_excelimporter$additionalproperties_mxobjectmember_removeindicator" ON "excelimporter$additionalproperties_mxobjectmember_removeindicator" ("mxmodelreflection$mxobjectmemberid" ASC,"excelimporter$additionalpropertiesid" ASC);
INSERT INTO "mendixsystem$association" ("id", 
"association_name", 
"table_name", 
"parent_entity_id", 
"child_entity_id", 
"parent_column_name", 
"child_column_name", 
"index_name")
 VALUES ('5c1f2005-a628-4ea0-a999-c67d478a34cc', 
'ExcelImporter.AdditionalProperties_MxObjectMember_RemoveIndicator', 
'excelimporter$additionalproperties_mxobjectmember_removeindicator', 
'bbc64b9e-a4c9-4b1a-8784-6548eda8ed7d', 
'6de0c775-033d-4806-8709-1972bc10f953', 
'excelimporter$additionalpropertiesid', 
'mxmodelreflection$mxobjectmemberid', 
'idx_excelimporter$additionalproperties_mxobjectmember_removeindicator');
INSERT INTO "mendixsystem$unique_constraint" ("name", 
"table_id", 
"column_id")
 VALUES ('uniq_excelimporter$additionalproperties_mxobjectmember_removeindicator_excelimporter$additionalpropertiesid', 
'5c1f2005-a628-4ea0-a999-c67d478a34cc', 
'7addf7f2-d4a5-3c60-ac13-e52483823e56');
CREATE TABLE "excelimporter$templatedocument" (
	"id" BIGINT NOT NULL,
	PRIMARY KEY("id"));
INSERT INTO "mendixsystem$entity" ("id", 
"entity_name", 
"table_name", 
"superentity_id", 
"remote", 
"remote_primary_key")
 VALUES ('f02f6b6f-492f-4250-9428-2e99d818d085', 
'ExcelImporter.TemplateDocument', 
'excelimporter$templatedocument', 
'170ce49d-f29c-4fac-99a6-b55e8a3aeb39', 
false, 
false);
CREATE TABLE "excelimporter$templatedocument_template" (
	"excelimporter$templatedocumentid" BIGINT NOT NULL,
	"excelimporter$templateid" BIGINT NOT NULL,
	PRIMARY KEY("excelimporter$templatedocumentid","excelimporter$templateid"),
	CONSTRAINT "uniq_excelimporter$templatedocument_template_excelimporter$templatedocumentid" UNIQUE ("excelimporter$templatedocumentid"));
CREATE INDEX "idx_excelimporter$templatedocument_template_excelimporter$template_excelimporter$templatedocument" ON "excelimporter$templatedocument_template" ("excelimporter$templateid" ASC,"excelimporter$templatedocumentid" ASC);
INSERT INTO "mendixsystem$association" ("id", 
"association_name", 
"table_name", 
"parent_entity_id", 
"child_entity_id", 
"parent_column_name", 
"child_column_name", 
"index_name")
 VALUES ('34b90f9d-05c2-4a00-ba49-f8d2895fb86c', 
'ExcelImporter.TemplateDocument_Template', 
'excelimporter$templatedocument_template', 
'f02f6b6f-492f-4250-9428-2e99d818d085', 
'640e1b7e-a8c1-4d7c-8d7d-d1d248b43d9c', 
'excelimporter$templatedocumentid', 
'excelimporter$templateid', 
'idx_excelimporter$templatedocument_template_excelimporter$template_excelimporter$templatedocument');
INSERT INTO "mendixsystem$unique_constraint" ("name", 
"table_id", 
"column_id")
 VALUES ('uniq_excelimporter$templatedocument_template_excelimporter$templatedocumentid', 
'34b90f9d-05c2-4a00-ba49-f8d2895fb86c', 
'a2ad7ad9-9098-3ee4-825c-1ca4b48f9267');
CREATE TABLE "excelimporter$log" (
	"id" BIGINT NOT NULL,
	"logline" VARCHAR_IGNORECASE(2147483647) NULL,
	"createddate" TIMESTAMP NULL,
	"changeddate" TIMESTAMP NULL,
	"system$owner" BIGINT NULL,
	"system$changedby" BIGINT NULL,
	PRIMARY KEY("id"));
CREATE INDEX "idx_excelimporter$log_system$owner" ON "excelimporter$log" ("system$owner" ASC,"id" ASC);
CREATE INDEX "idx_excelimporter$log_system$changedby" ON "excelimporter$log" ("system$changedby" ASC,"id" ASC);
INSERT INTO "mendixsystem$entity" ("id", 
"entity_name", 
"table_name", 
"remote", 
"remote_primary_key")
 VALUES ('3b0f031f-c682-478e-80ee-16f0ac59abac', 
'ExcelImporter.Log', 
'excelimporter$log', 
false, 
false);
INSERT INTO "mendixsystem$attribute" ("id", 
"entity_id", 
"attribute_name", 
"column_name", 
"type", 
"length", 
"default_value", 
"is_auto_number")
 VALUES ('16bdb9c6-1f01-40b2-b0c2-78a8cac9ce65', 
'3b0f031f-c682-478e-80ee-16f0ac59abac', 
'Logline', 
'logline', 
30, 
0, 
'', 
false);
INSERT INTO "mendixsystem$attribute" ("id", 
"entity_id", 
"attribute_name", 
"column_name", 
"type", 
"length", 
"default_value", 
"is_auto_number")
 VALUES ('3c0c5994-2f66-374e-b2b5-6441f670f6b8', 
'3b0f031f-c682-478e-80ee-16f0ac59abac', 
'createdDate', 
'createddate', 
20, 
0, 
'', 
false);
INSERT INTO "mendixsystem$attribute" ("id", 
"entity_id", 
"attribute_name", 
"column_name", 
"type", 
"length", 
"default_value", 
"is_auto_number")
 VALUES ('1ab4af20-6d8d-39b8-9e17-f74262212f71', 
'3b0f031f-c682-478e-80ee-16f0ac59abac', 
'changedDate', 
'changeddate', 
20, 
0, 
'', 
false);
INSERT INTO "mendixsystem$index" ("id", 
"table_id", 
"index_name")
 VALUES ('ef408361-ee2d-306b-a8b1-2c1ff221f174', 
'3b0f031f-c682-478e-80ee-16f0ac59abac', 
'idx_excelimporter$log_system$owner');
INSERT INTO "mendixsystem$index_column" ("index_id", 
"column_id", 
"sort_order", 
"ordinal")
 VALUES ('ef408361-ee2d-306b-a8b1-2c1ff221f174', 
'befc5f82-2316-3f5c-92c5-3637b5d78615', 
false, 
0);
INSERT INTO "mendixsystem$index" ("id", 
"table_id", 
"index_name")
 VALUES ('1c748af0-6b09-3c25-94b2-dcf6b7ed0211', 
'3b0f031f-c682-478e-80ee-16f0ac59abac', 
'idx_excelimporter$log_system$changedby');
INSERT INTO "mendixsystem$index_column" ("index_id", 
"column_id", 
"sort_order", 
"ordinal")
 VALUES ('1c748af0-6b09-3c25-94b2-dcf6b7ed0211', 
'1a0611d9-c49e-31ae-9420-627f0eeb11bd', 
false, 
0);
INSERT INTO "mendixsystem$association" ("id", 
"association_name", 
"table_name", 
"parent_entity_id", 
"child_entity_id", 
"parent_column_name", 
"child_column_name")
 VALUES ('befc5f82-2316-3f5c-92c5-3637b5d78615', 
'System.owner', 
'system$owner', 
'3b0f031f-c682-478e-80ee-16f0ac59abac', 
'282e2e60-88a5-469d-84a5-ba8d9151644f', 
'id', 
'system$owner');
INSERT INTO "mendixsystem$association" ("id", 
"association_name", 
"table_name", 
"parent_entity_id", 
"child_entity_id", 
"parent_column_name", 
"child_column_name")
 VALUES ('1a0611d9-c49e-31ae-9420-627f0eeb11bd', 
'System.changedBy', 
'system$changedby', 
'3b0f031f-c682-478e-80ee-16f0ac59abac', 
'282e2e60-88a5-469d-84a5-ba8d9151644f', 
'id', 
'system$changedby');
CREATE TABLE "excelimporter$log_xmldocumenttemplate" (
	"excelimporter$logid" BIGINT NOT NULL,
	"excelimporter$xmldocumenttemplateid" BIGINT NOT NULL,
	PRIMARY KEY("excelimporter$logid","excelimporter$xmldocumenttemplateid"),
	CONSTRAINT "uniq_excelimporter$log_xmldocumenttemplate_excelimporter$logid" UNIQUE ("excelimporter$logid"));
CREATE INDEX "idx_excelimporter$log_xmldocumenttemplate_excelimporter$xmldocumenttemplate_excelimporter$log" ON "excelimporter$log_xmldocumenttemplate" ("excelimporter$xmldocumenttemplateid" ASC,"excelimporter$logid" ASC);
INSERT INTO "mendixsystem$association" ("id", 
"association_name", 
"table_name", 
"parent_entity_id", 
"child_entity_id", 
"parent_column_name", 
"child_column_name", 
"index_name")
 VALUES ('598a7863-1279-49ea-acdd-e21de8570c56', 
'ExcelImporter.Log_XMLDocumentTemplate', 
'excelimporter$log_xmldocumenttemplate', 
'3b0f031f-c682-478e-80ee-16f0ac59abac', 
'68ef42ad-2644-459d-8d53-fa5f0d355247', 
'excelimporter$logid', 
'excelimporter$xmldocumenttemplateid', 
'idx_excelimporter$log_xmldocumenttemplate_excelimporter$xmldocumenttemplate_excelimporter$log');
INSERT INTO "mendixsystem$unique_constraint" ("name", 
"table_id", 
"column_id")
 VALUES ('uniq_excelimporter$log_xmldocumenttemplate_excelimporter$logid', 
'598a7863-1279-49ea-acdd-e21de8570c56', 
'b003f865-17e6-3e67-9748-479290507554');
CREATE TABLE "excelimporter$xmldocumenttemplate" (
	"id" BIGINT NOT NULL,
	PRIMARY KEY("id"));
INSERT INTO "mendixsystem$entity" ("id", 
"entity_name", 
"table_name", 
"superentity_id", 
"remote", 
"remote_primary_key")
 VALUES ('68ef42ad-2644-459d-8d53-fa5f0d355247', 
'ExcelImporter.XMLDocumentTemplate', 
'excelimporter$xmldocumenttemplate', 
'170ce49d-f29c-4fac-99a6-b55e8a3aeb39', 
false, 
false);
CREATE TABLE "excelimporter$xmldocumenttemplate_template" (
	"excelimporter$xmldocumenttemplateid" BIGINT NOT NULL,
	"excelimporter$templateid" BIGINT NOT NULL,
	PRIMARY KEY("excelimporter$xmldocumenttemplateid","excelimporter$templateid"),
	CONSTRAINT "uniq_excelimporter$xmldocumenttemplate_template_excelimporter$xmldocumenttemplateid" UNIQUE ("excelimporter$xmldocumenttemplateid"));
CREATE INDEX "idx_excelimporter$xmldocumenttemplate_template_excelimporter$template_excelimporter$xmldocumenttemplate" ON "excelimporter$xmldocumenttemplate_template" ("excelimporter$templateid" ASC,"excelimporter$xmldocumenttemplateid" ASC);
INSERT INTO "mendixsystem$association" ("id", 
"association_name", 
"table_name", 
"parent_entity_id", 
"child_entity_id", 
"parent_column_name", 
"child_column_name", 
"index_name")
 VALUES ('2adf10aa-615a-4bed-bfb0-83cdd9be93d4', 
'ExcelImporter.XMLDocumentTemplate_Template', 
'excelimporter$xmldocumenttemplate_template', 
'68ef42ad-2644-459d-8d53-fa5f0d355247', 
'640e1b7e-a8c1-4d7c-8d7d-d1d248b43d9c', 
'excelimporter$xmldocumenttemplateid', 
'excelimporter$templateid', 
'idx_excelimporter$xmldocumenttemplate_template_excelimporter$template_excelimporter$xmldocumenttemplate');
INSERT INTO "mendixsystem$unique_constraint" ("name", 
"table_id", 
"column_id")
 VALUES ('uniq_excelimporter$xmldocumenttemplate_template_excelimporter$xmldocumenttemplateid', 
'2adf10aa-615a-4bed-bfb0-83cdd9be93d4', 
'33cbbdfa-2de7-30ae-9879-b1f18ea9d21f');
CREATE TABLE "excelimporter$template" (
	"id" BIGINT NOT NULL,
	"nr" BIGINT NULL,
	"title" VARCHAR_IGNORECASE(50) NULL,
	"description" VARCHAR_IGNORECASE(2147483647) NULL,
	"sheetindex" INT NULL,
	"headerrownumber" INT NULL,
	"firstdatarownumber" INT NULL,
	"status" VARCHAR_IGNORECASE(7) NULL,
	"importaction" VARCHAR_IGNORECASE(23) NULL,
	"templatetype" VARCHAR_IGNORECASE(6) NULL,
	"createddate" TIMESTAMP NULL,
	"changeddate" TIMESTAMP NULL,
	"system$changedby" BIGINT NULL,
	"system$owner" BIGINT NULL,
	PRIMARY KEY("id"));
CREATE SEQUENCE "excelimporter$template_nr_mxseq" AS BIGINT START WITH 1;
CREATE INDEX "idx_excelimporter$template_system$changedby" ON "excelimporter$template" ("system$changedby" ASC,"id" ASC);
CREATE INDEX "idx_excelimporter$template_system$owner" ON "excelimporter$template" ("system$owner" ASC,"id" ASC);
INSERT INTO "mendixsystem$entity" ("id", 
"entity_name", 
"table_name", 
"remote", 
"remote_primary_key")
 VALUES ('640e1b7e-a8c1-4d7c-8d7d-d1d248b43d9c', 
'ExcelImporter.Template', 
'excelimporter$template', 
false, 
false);
INSERT INTO "mendixsystem$attribute" ("id", 
"entity_id", 
"attribute_name", 
"column_name", 
"type", 
"length", 
"default_value", 
"is_auto_number")
 VALUES ('b04954f9-d23d-4fba-b56c-203744104dee', 
'640e1b7e-a8c1-4d7c-8d7d-d1d248b43d9c', 
'Nr', 
'nr', 
0, 
0, 
'1', 
true);
INSERT INTO "mendixsystem$sequence" ("attribute_id", 
"name", 
"start_value", 
"current_value")
 VALUES ('b04954f9-d23d-4fba-b56c-203744104dee', 
'excelimporter$template_nr_mxseq', 
1, 
0);
INSERT INTO "mendixsystem$attribute" ("id", 
"entity_id", 
"attribute_name", 
"column_name", 
"type", 
"length", 
"default_value", 
"is_auto_number")
 VALUES ('a0898a2b-30bf-4460-88b7-f084496af0be', 
'640e1b7e-a8c1-4d7c-8d7d-d1d248b43d9c', 
'Title', 
'title', 
30, 
50, 
'', 
false);
INSERT INTO "mendixsystem$attribute" ("id", 
"entity_id", 
"attribute_name", 
"column_name", 
"type", 
"length", 
"default_value", 
"is_auto_number")
 VALUES ('9b37bc90-f453-43cf-bb15-25351493e0e3', 
'640e1b7e-a8c1-4d7c-8d7d-d1d248b43d9c', 
'Description', 
'description', 
30, 
0, 
'', 
false);
INSERT INTO "mendixsystem$attribute" ("id", 
"entity_id", 
"attribute_name", 
"column_name", 
"type", 
"length", 
"default_value", 
"is_auto_number")
 VALUES ('dbb32ff2-612b-4ea2-9ed5-5ca232f0b199', 
'640e1b7e-a8c1-4d7c-8d7d-d1d248b43d9c', 
'SheetIndex', 
'sheetindex', 
3, 
0, 
'1', 
false);
INSERT INTO "mendixsystem$attribute" ("id", 
"entity_id", 
"attribute_name", 
"column_name", 
"type", 
"length", 
"default_value", 
"is_auto_number")
 VALUES ('2045b948-1f62-4a0a-b85f-6ab81cfaee89', 
'640e1b7e-a8c1-4d7c-8d7d-d1d248b43d9c', 
'HeaderRowNumber', 
'headerrownumber', 
3, 
0, 
'1', 
false);
INSERT INTO "mendixsystem$attribute" ("id", 
"entity_id", 
"attribute_name", 
"column_name", 
"type", 
"length", 
"default_value", 
"is_auto_number")
 VALUES ('5ddf5f46-f172-4f1d-92b4-0179ad7da725', 
'640e1b7e-a8c1-4d7c-8d7d-d1d248b43d9c', 
'FirstDataRowNumber', 
'firstdatarownumber', 
3, 
0, 
'2', 
false);
INSERT INTO "mendixsystem$attribute" ("id", 
"entity_id", 
"attribute_name", 
"column_name", 
"type", 
"length", 
"default_value", 
"is_auto_number")
 VALUES ('4b7562bc-df22-4357-a3d5-fe3f9f739d1e', 
'640e1b7e-a8c1-4d7c-8d7d-d1d248b43d9c', 
'Status', 
'status', 
40, 
7, 
'INFO', 
false);
INSERT INTO "mendixsystem$attribute" ("id", 
"entity_id", 
"attribute_name", 
"column_name", 
"type", 
"length", 
"default_value", 
"is_auto_number")
 VALUES ('512c3798-e35e-48cb-b8d3-3c49e39c6cb1', 
'640e1b7e-a8c1-4d7c-8d7d-d1d248b43d9c', 
'ImportAction', 
'importaction', 
40, 
23, 
'SynchronizeObjects', 
false);
INSERT INTO "mendixsystem$attribute" ("id", 
"entity_id", 
"attribute_name", 
"column_name", 
"type", 
"length", 
"default_value", 
"is_auto_number")
 VALUES ('ab3e9f6f-53aa-4132-aa6d-535fe8fb8025', 
'640e1b7e-a8c1-4d7c-8d7d-d1d248b43d9c', 
'TemplateType', 
'templatetype', 
40, 
6, 
'Normal', 
false);
INSERT INTO "mendixsystem$attribute" ("id", 
"entity_id", 
"attribute_name", 
"column_name", 
"type", 
"length", 
"default_value", 
"is_auto_number")
 VALUES ('57967daf-d6f3-3e70-b65c-5afd7c85ef00', 
'640e1b7e-a8c1-4d7c-8d7d-d1d248b43d9c', 
'createdDate', 
'createddate', 
20, 
0, 
'', 
false);
INSERT INTO "mendixsystem$attribute" ("id", 
"entity_id", 
"attribute_name", 
"column_name", 
"type", 
"length", 
"default_value", 
"is_auto_number")
 VALUES ('c00070c4-1db6-3c00-abf9-005c74448068', 
'640e1b7e-a8c1-4d7c-8d7d-d1d248b43d9c', 
'changedDate', 
'changeddate', 
20, 
0, 
'', 
false);
INSERT INTO "mendixsystem$index" ("id", 
"table_id", 
"index_name")
 VALUES ('5bb1fe89-3aa4-347d-b8f3-cbb3349d62b8', 
'640e1b7e-a8c1-4d7c-8d7d-d1d248b43d9c', 
'idx_excelimporter$template_system$changedby');
INSERT INTO "mendixsystem$index_column" ("index_id", 
"column_id", 
"sort_order", 
"ordinal")
 VALUES ('5bb1fe89-3aa4-347d-b8f3-cbb3349d62b8', 
'07598718-0b9a-30b2-bf2f-8d5b988a9aae', 
false, 
0);
INSERT INTO "mendixsystem$index" ("id", 
"table_id", 
"index_name")
 VALUES ('db5baaa0-c2c8-3656-bb83-3e89f312cc42', 
'640e1b7e-a8c1-4d7c-8d7d-d1d248b43d9c', 
'idx_excelimporter$template_system$owner');
INSERT INTO "mendixsystem$index_column" ("index_id", 
"column_id", 
"sort_order", 
"ordinal")
 VALUES ('db5baaa0-c2c8-3656-bb83-3e89f312cc42', 
'81e08be6-90b2-39c9-a7a4-a90ba15e8da9', 
false, 
0);
INSERT INTO "mendixsystem$association" ("id", 
"association_name", 
"table_name", 
"parent_entity_id", 
"child_entity_id", 
"parent_column_name", 
"child_column_name")
 VALUES ('07598718-0b9a-30b2-bf2f-8d5b988a9aae', 
'System.changedBy', 
'system$changedby', 
'640e1b7e-a8c1-4d7c-8d7d-d1d248b43d9c', 
'282e2e60-88a5-469d-84a5-ba8d9151644f', 
'id', 
'system$changedby');
INSERT INTO "mendixsystem$association" ("id", 
"association_name", 
"table_name", 
"parent_entity_id", 
"child_entity_id", 
"parent_column_name", 
"child_column_name")
 VALUES ('81e08be6-90b2-39c9-a7a4-a90ba15e8da9', 
'System.owner', 
'system$owner', 
'640e1b7e-a8c1-4d7c-8d7d-d1d248b43d9c', 
'282e2e60-88a5-469d-84a5-ba8d9151644f', 
'id', 
'system$owner');
CREATE TABLE "excelimporter$template_mxobjectreference_parentassociation" (
	"excelimporter$templateid" BIGINT NOT NULL,
	"mxmodelreflection$mxobjectreferenceid" BIGINT NOT NULL,
	PRIMARY KEY("excelimporter$templateid","mxmodelreflection$mxobjectreferenceid"),
	CONSTRAINT "uniq_excelimporter$template_mxobjectreference_parentassociation_excelimporter$templateid" UNIQUE ("excelimporter$templateid"));
CREATE INDEX "idx_excelimporter$template_mxobjectreference_parentassociation_mxmodelreflection$mxobjectreference_excelimporter$template" ON "excelimporter$template_mxobjectreference_parentassociation" ("mxmodelreflection$mxobjectreferenceid" ASC,"excelimporter$templateid" ASC);
INSERT INTO "mendixsystem$association" ("id", 
"association_name", 
"table_name", 
"parent_entity_id", 
"child_entity_id", 
"parent_column_name", 
"child_column_name", 
"index_name")
 VALUES ('c6df8751-7847-4580-a5d4-f02ba94ecab1', 
'ExcelImporter.Template_MxObjectReference_ParentAssociation', 
'excelimporter$template_mxobjectreference_parentassociation', 
'640e1b7e-a8c1-4d7c-8d7d-d1d248b43d9c', 
'2b4c4f14-8694-4674-aad6-a935bbf61002', 
'excelimporter$templateid', 
'mxmodelreflection$mxobjectreferenceid', 
'idx_excelimporter$template_mxobjectreference_parentassociation_mxmodelreflection$mxobjectreference_excelimporter$template');
INSERT INTO "mendixsystem$unique_constraint" ("name", 
"table_id", 
"column_id")
 VALUES ('uniq_excelimporter$template_mxobjectreference_parentassociation_excelimporter$templateid', 
'c6df8751-7847-4580-a5d4-f02ba94ecab1', 
'185acac6-1abc-375d-bef2-83ae2259bedb');
CREATE TABLE "excelimporter$template_additionalproperties" (
	"excelimporter$templateid" BIGINT NOT NULL,
	"excelimporter$additionalpropertiesid" BIGINT NOT NULL,
	PRIMARY KEY("excelimporter$templateid","excelimporter$additionalpropertiesid"),
	CONSTRAINT "uniq_excelimporter$template_additionalproperties_excelimporter$additionalpropertiesid" UNIQUE ("excelimporter$additionalpropertiesid"),
	CONSTRAINT "uniq_excelimporter$template_additionalproperties_excelimporter$templateid" UNIQUE ("excelimporter$templateid"));
CREATE INDEX "idx_excelimporter$template_additionalproperties_excelimporter$additionalproperties_excelimporter$template" ON "excelimporter$template_additionalproperties" ("excelimporter$additionalpropertiesid" ASC,"excelimporter$templateid" ASC);
INSERT INTO "mendixsystem$association" ("id", 
"association_name", 
"table_name", 
"parent_entity_id", 
"child_entity_id", 
"parent_column_name", 
"child_column_name", 
"index_name")
 VALUES ('a6eee6f2-d688-4a54-82f3-cb0b4417927b', 
'ExcelImporter.Template_AdditionalProperties', 
'excelimporter$template_additionalproperties', 
'640e1b7e-a8c1-4d7c-8d7d-d1d248b43d9c', 
'bbc64b9e-a4c9-4b1a-8784-6548eda8ed7d', 
'excelimporter$templateid', 
'excelimporter$additionalpropertiesid', 
'idx_excelimporter$template_additionalproperties_excelimporter$additionalproperties_excelimporter$template');
INSERT INTO "mendixsystem$unique_constraint" ("name", 
"table_id", 
"column_id")
 VALUES ('uniq_excelimporter$template_additionalproperties_excelimporter$additionalpropertiesid', 
'a6eee6f2-d688-4a54-82f3-cb0b4417927b', 
'7bb37b1c-be33-3f8f-a610-469c3dec4728');
INSERT INTO "mendixsystem$unique_constraint" ("name", 
"table_id", 
"column_id")
 VALUES ('uniq_excelimporter$template_additionalproperties_excelimporter$templateid', 
'a6eee6f2-d688-4a54-82f3-cb0b4417927b', 
'4431e917-edbb-3124-8d78-6f271cd4ae0b');
CREATE TABLE "excelimporter$template_mastertemplate" (
	"excelimporter$templateid1" BIGINT NOT NULL,
	"excelimporter$templateid2" BIGINT NOT NULL,
	PRIMARY KEY("excelimporter$templateid1","excelimporter$templateid2"),
	CONSTRAINT "uniq_excelimporter$template_mastertemplate_excelimporter$templateid1" UNIQUE ("excelimporter$templateid1"));
CREATE INDEX "idx_excelimporter$template_mastertemplate_excelimporter$template_excelimporter$template" ON "excelimporter$template_mastertemplate" ("excelimporter$templateid2" ASC,"excelimporter$templateid1" ASC);
INSERT INTO "mendixsystem$association" ("id", 
"association_name", 
"table_name", 
"parent_entity_id", 
"child_entity_id", 
"parent_column_name", 
"child_column_name", 
"index_name")
 VALUES ('7eafd6cb-eec5-4b2c-9d9d-9d694fd36e8f', 
'ExcelImporter.Template_MasterTemplate', 
'excelimporter$template_mastertemplate', 
'640e1b7e-a8c1-4d7c-8d7d-d1d248b43d9c', 
'640e1b7e-a8c1-4d7c-8d7d-d1d248b43d9c', 
'excelimporter$templateid1', 
'excelimporter$templateid2', 
'idx_excelimporter$template_mastertemplate_excelimporter$template_excelimporter$template');
INSERT INTO "mendixsystem$unique_constraint" ("name", 
"table_id", 
"column_id")
 VALUES ('uniq_excelimporter$template_mastertemplate_excelimporter$templateid1', 
'7eafd6cb-eec5-4b2c-9d9d-9d694fd36e8f', 
'93252f5b-ce36-3ce3-bf33-a6db7347a4e3');
CREATE TABLE "excelimporter$template_mxobjecttype" (
	"excelimporter$templateid" BIGINT NOT NULL,
	"mxmodelreflection$mxobjecttypeid" BIGINT NOT NULL,
	PRIMARY KEY("excelimporter$templateid","mxmodelreflection$mxobjecttypeid"),
	CONSTRAINT "uniq_excelimporter$template_mxobjecttype_excelimporter$templateid" UNIQUE ("excelimporter$templateid"));
CREATE INDEX "idx_excelimporter$template_mxobjecttype_mxmodelreflection$mxobjecttype_excelimporter$template" ON "excelimporter$template_mxobjecttype" ("mxmodelreflection$mxobjecttypeid" ASC,"excelimporter$templateid" ASC);
INSERT INTO "mendixsystem$association" ("id", 
"association_name", 
"table_name", 
"parent_entity_id", 
"child_entity_id", 
"parent_column_name", 
"child_column_name", 
"index_name")
 VALUES ('8b1907ca-afe8-431e-bedb-99801f586a4f', 
'ExcelImporter.Template_MxObjectType', 
'excelimporter$template_mxobjecttype', 
'640e1b7e-a8c1-4d7c-8d7d-d1d248b43d9c', 
'8c0b6878-3279-4f9e-a317-1bb2d4f36e40', 
'excelimporter$templateid', 
'mxmodelreflection$mxobjecttypeid', 
'idx_excelimporter$template_mxobjecttype_mxmodelreflection$mxobjecttype_excelimporter$template');
INSERT INTO "mendixsystem$unique_constraint" ("name", 
"table_id", 
"column_id")
 VALUES ('uniq_excelimporter$template_mxobjecttype_excelimporter$templateid', 
'8b1907ca-afe8-431e-bedb-99801f586a4f', 
'6eaa4cf5-31c1-347d-934a-7ed597f945c6');
CREATE TABLE "excelimporter$referencehandling" (
	"id" BIGINT NOT NULL,
	"handling" VARCHAR_IGNORECASE(20) NULL,
	"datahandling" VARCHAR_IGNORECASE(9) NULL,
	"printnotfoundmessages" BOOLEAN NULL,
	"commitunchangedobjects" BOOLEAN NULL,
	"ignoreemptykeys" BOOLEAN NULL,
	"createddate" TIMESTAMP NULL,
	"changeddate" TIMESTAMP NULL,
	"system$owner" BIGINT NULL,
	"system$changedby" BIGINT NULL,
	PRIMARY KEY("id"));
CREATE INDEX "idx_excelimporter$referencehandling_system$owner" ON "excelimporter$referencehandling" ("system$owner" ASC,"id" ASC);
CREATE INDEX "idx_excelimporter$referencehandling_system$changedby" ON "excelimporter$referencehandling" ("system$changedby" ASC,"id" ASC);
INSERT INTO "mendixsystem$entity" ("id", 
"entity_name", 
"table_name", 
"remote", 
"remote_primary_key")
 VALUES ('1cb5cf7d-3530-45e5-82dd-c8f501e36eaa', 
'ExcelImporter.ReferenceHandling', 
'excelimporter$referencehandling', 
false, 
false);
INSERT INTO "mendixsystem$attribute" ("id", 
"entity_id", 
"attribute_name", 
"column_name", 
"type", 
"length", 
"default_value", 
"is_auto_number")
 VALUES ('2cf5ddef-7d28-4511-abbc-179e693cc910', 
'1cb5cf7d-3530-45e5-82dd-c8f501e36eaa', 
'Handling', 
'handling', 
40, 
20, 
'FindCreate', 
false);
INSERT INTO "mendixsystem$attribute" ("id", 
"entity_id", 
"attribute_name", 
"column_name", 
"type", 
"length", 
"default_value", 
"is_auto_number")
 VALUES ('c4e470f0-88c1-4280-9a65-2341ac018b0d', 
'1cb5cf7d-3530-45e5-82dd-c8f501e36eaa', 
'DataHandling', 
'datahandling', 
40, 
9, 
'Overwrite', 
false);
INSERT INTO "mendixsystem$attribute" ("id", 
"entity_id", 
"attribute_name", 
"column_name", 
"type", 
"length", 
"default_value", 
"is_auto_number")
 VALUES ('5328cf6f-c26f-49b5-8cef-8b0bc2dec33f', 
'1cb5cf7d-3530-45e5-82dd-c8f501e36eaa', 
'PrintNotFoundMessages', 
'printnotfoundmessages', 
10, 
0, 
'false', 
false);
INSERT INTO "mendixsystem$attribute" ("id", 
"entity_id", 
"attribute_name", 
"column_name", 
"type", 
"length", 
"default_value", 
"is_auto_number")
 VALUES ('8c097d50-17cc-4aff-a250-187a361a7cce', 
'1cb5cf7d-3530-45e5-82dd-c8f501e36eaa', 
'CommitUnchangedObjects', 
'commitunchangedobjects', 
10, 
0, 
'true', 
false);
INSERT INTO "mendixsystem$attribute" ("id", 
"entity_id", 
"attribute_name", 
"column_name", 
"type", 
"length", 
"default_value", 
"is_auto_number")
 VALUES ('7658d5d2-06f4-41ff-bc36-32382a8b1a72', 
'1cb5cf7d-3530-45e5-82dd-c8f501e36eaa', 
'IgnoreEmptyKeys', 
'ignoreemptykeys', 
10, 
0, 
'true', 
false);
INSERT INTO "mendixsystem$attribute" ("id", 
"entity_id", 
"attribute_name", 
"column_name", 
"type", 
"length", 
"default_value", 
"is_auto_number")
 VALUES ('4d21dd8b-2d78-33c1-9fa1-4bffe4ef25f6', 
'1cb5cf7d-3530-45e5-82dd-c8f501e36eaa', 
'createdDate', 
'createddate', 
20, 
0, 
'', 
false);
INSERT INTO "mendixsystem$attribute" ("id", 
"entity_id", 
"attribute_name", 
"column_name", 
"type", 
"length", 
"default_value", 
"is_auto_number")
 VALUES ('a880f0e8-202a-3ec9-9515-0e478a66e82e', 
'1cb5cf7d-3530-45e5-82dd-c8f501e36eaa', 
'changedDate', 
'changeddate', 
20, 
0, 
'', 
false);
INSERT INTO "mendixsystem$index" ("id", 
"table_id", 
"index_name")
 VALUES ('09e0fe60-d521-3338-960e-070465174368', 
'1cb5cf7d-3530-45e5-82dd-c8f501e36eaa', 
'idx_excelimporter$referencehandling_system$owner');
INSERT INTO "mendixsystem$index_column" ("index_id", 
"column_id", 
"sort_order", 
"ordinal")
 VALUES ('09e0fe60-d521-3338-960e-070465174368', 
'819ef413-c3d5-389e-97d7-70e6aef7bceb', 
false, 
0);
INSERT INTO "mendixsystem$index" ("id", 
"table_id", 
"index_name")
 VALUES ('bfed422e-d456-30a4-b820-15cd88ae38d5', 
'1cb5cf7d-3530-45e5-82dd-c8f501e36eaa', 
'idx_excelimporter$referencehandling_system$changedby');
INSERT INTO "mendixsystem$index_column" ("index_id", 
"column_id", 
"sort_order", 
"ordinal")
 VALUES ('bfed422e-d456-30a4-b820-15cd88ae38d5', 
'cc0a0fa0-9781-39e8-9399-fdc7b12ab74a', 
false, 
0);
INSERT INTO "mendixsystem$association" ("id", 
"association_name", 
"table_name", 
"parent_entity_id", 
"child_entity_id", 
"parent_column_name", 
"child_column_name")
 VALUES ('819ef413-c3d5-389e-97d7-70e6aef7bceb', 
'System.owner', 
'system$owner', 
'1cb5cf7d-3530-45e5-82dd-c8f501e36eaa', 
'282e2e60-88a5-469d-84a5-ba8d9151644f', 
'id', 
'system$owner');
INSERT INTO "mendixsystem$association" ("id", 
"association_name", 
"table_name", 
"parent_entity_id", 
"child_entity_id", 
"parent_column_name", 
"child_column_name")
 VALUES ('cc0a0fa0-9781-39e8-9399-fdc7b12ab74a', 
'System.changedBy', 
'system$changedby', 
'1cb5cf7d-3530-45e5-82dd-c8f501e36eaa', 
'282e2e60-88a5-469d-84a5-ba8d9151644f', 
'id', 
'system$changedby');
CREATE TABLE "excelimporter$referencehandling_mxobjectreference" (
	"excelimporter$referencehandlingid" BIGINT NOT NULL,
	"mxmodelreflection$mxobjectreferenceid" BIGINT NOT NULL,
	PRIMARY KEY("excelimporter$referencehandlingid","mxmodelreflection$mxobjectreferenceid"),
	CONSTRAINT "uniq_excelimporter$referencehandling_mxobjectreference_excelimporter$referencehandlingid" UNIQUE ("excelimporter$referencehandlingid"));
CREATE INDEX "idx_excelimporter$referencehandling_mxobjectreference_mxmodelreflection$mxobjectreference_excelimporter$referencehandling" ON "excelimporter$referencehandling_mxobjectreference" ("mxmodelreflection$mxobjectreferenceid" ASC,"excelimporter$referencehandlingid" ASC);
INSERT INTO "mendixsystem$association" ("id", 
"association_name", 
"table_name", 
"parent_entity_id", 
"child_entity_id", 
"parent_column_name", 
"child_column_name", 
"index_name")
 VALUES ('870f9bb0-d538-440b-99bf-ab258a9aafd3', 
'ExcelImporter.ReferenceHandling_MxObjectReference', 
'excelimporter$referencehandling_mxobjectreference', 
'1cb5cf7d-3530-45e5-82dd-c8f501e36eaa', 
'2b4c4f14-8694-4674-aad6-a935bbf61002', 
'excelimporter$referencehandlingid', 
'mxmodelreflection$mxobjectreferenceid', 
'idx_excelimporter$referencehandling_mxobjectreference_mxmodelreflection$mxobjectreference_excelimporter$referencehandling');
INSERT INTO "mendixsystem$unique_constraint" ("name", 
"table_id", 
"column_id")
 VALUES ('uniq_excelimporter$referencehandling_mxobjectreference_excelimporter$referencehandlingid', 
'870f9bb0-d538-440b-99bf-ab258a9aafd3', 
'afd69ec5-0266-3339-b7e4-ab9e3d08716a');
CREATE TABLE "excelimporter$referencehandling_template" (
	"excelimporter$referencehandlingid" BIGINT NOT NULL,
	"excelimporter$templateid" BIGINT NOT NULL,
	PRIMARY KEY("excelimporter$referencehandlingid","excelimporter$templateid"),
	CONSTRAINT "uniq_excelimporter$referencehandling_template_excelimporter$referencehandlingid" UNIQUE ("excelimporter$referencehandlingid"));
CREATE INDEX "idx_excelimporter$referencehandling_template_excelimporter$template_excelimporter$referencehandling" ON "excelimporter$referencehandling_template" ("excelimporter$templateid" ASC,"excelimporter$referencehandlingid" ASC);
INSERT INTO "mendixsystem$association" ("id", 
"association_name", 
"table_name", 
"parent_entity_id", 
"child_entity_id", 
"parent_column_name", 
"child_column_name", 
"index_name")
 VALUES ('e799ded5-dc0b-4cc0-8232-ea02d280059a', 
'ExcelImporter.ReferenceHandling_Template', 
'excelimporter$referencehandling_template', 
'1cb5cf7d-3530-45e5-82dd-c8f501e36eaa', 
'640e1b7e-a8c1-4d7c-8d7d-d1d248b43d9c', 
'excelimporter$referencehandlingid', 
'excelimporter$templateid', 
'idx_excelimporter$referencehandling_template_excelimporter$template_excelimporter$referencehandling');
INSERT INTO "mendixsystem$unique_constraint" ("name", 
"table_id", 
"column_id")
 VALUES ('uniq_excelimporter$referencehandling_template_excelimporter$referencehandlingid', 
'e799ded5-dc0b-4cc0-8232-ea02d280059a', 
'bd2453bf-ddd4-377c-9d21-f37f43b348aa');
UPDATE "mendixsystem$version"
 SET "versionnumber" = '4.2', 
"lastsyncdate" = '20220818 15:34:49';
