CREATE TABLE "emailtemplate$token" (
	"id" BIGINT NOT NULL,
	"token_type" VARCHAR_IGNORECASE(50) NULL,
	"scope" VARCHAR_IGNORECASE(5000) NULL,
	"expires_in" INT NULL,
	"ext_expires_in" INT NULL,
	"access_token" VARCHAR_IGNORECASE(2147483647) NULL,
	"refresh_token" VARCHAR_IGNORECASE(2147483647) NULL,
	"id_token" VARCHAR_IGNORECASE(2147483647) NULL,
	"createddate" TIMESTAMP NULL,
	PRIMARY KEY("id"));
INSERT INTO "mendixsystem$entity" ("id", 
"entity_name", 
"table_name", 
"remote", 
"remote_primary_key")
 VALUES ('57a5f7e3-f169-4b98-8cf7-3e3d9b6cddcc', 
'EmailTemplate.Token', 
'emailtemplate$token', 
false, 
false);
INSERT INTO "mendixsystem$attribute" ("id", 
"entity_id", 
"attribute_name", 
"column_name", 
"type", 
"length", 
"default_value", 
"is_auto_number")
 VALUES ('8cb39f0e-2804-43df-8605-03dc59e9e31e', 
'57a5f7e3-f169-4b98-8cf7-3e3d9b6cddcc', 
'token_type', 
'token_type', 
30, 
50, 
'', 
false);
INSERT INTO "mendixsystem$attribute" ("id", 
"entity_id", 
"attribute_name", 
"column_name", 
"type", 
"length", 
"default_value", 
"is_auto_number")
 VALUES ('9f90a926-c883-4c51-8648-6d2d4fb32b5e', 
'57a5f7e3-f169-4b98-8cf7-3e3d9b6cddcc', 
'scope', 
'scope', 
30, 
5000, 
'', 
false);
INSERT INTO "mendixsystem$attribute" ("id", 
"entity_id", 
"attribute_name", 
"column_name", 
"type", 
"length", 
"default_value", 
"is_auto_number")
 VALUES ('cde46546-2074-43b7-80db-e60074427b49', 
'57a5f7e3-f169-4b98-8cf7-3e3d9b6cddcc', 
'expires_in', 
'expires_in', 
3, 
0, 
'0', 
false);
INSERT INTO "mendixsystem$attribute" ("id", 
"entity_id", 
"attribute_name", 
"column_name", 
"type", 
"length", 
"default_value", 
"is_auto_number")
 VALUES ('1d9ddc41-06b1-4e58-88b3-fdd8291fac26', 
'57a5f7e3-f169-4b98-8cf7-3e3d9b6cddcc', 
'ext_expires_in', 
'ext_expires_in', 
3, 
0, 
'0', 
false);
INSERT INTO "mendixsystem$attribute" ("id", 
"entity_id", 
"attribute_name", 
"column_name", 
"type", 
"length", 
"default_value", 
"is_auto_number")
 VALUES ('8120f0ad-427c-4f17-a268-51422367408c', 
'57a5f7e3-f169-4b98-8cf7-3e3d9b6cddcc', 
'access_token', 
'access_token', 
30, 
0, 
'', 
false);
INSERT INTO "mendixsystem$attribute" ("id", 
"entity_id", 
"attribute_name", 
"column_name", 
"type", 
"length", 
"default_value", 
"is_auto_number")
 VALUES ('83512ded-31d4-40ad-9e23-c38a98274e3f', 
'57a5f7e3-f169-4b98-8cf7-3e3d9b6cddcc', 
'refresh_token', 
'refresh_token', 
30, 
0, 
'', 
false);
INSERT INTO "mendixsystem$attribute" ("id", 
"entity_id", 
"attribute_name", 
"column_name", 
"type", 
"length", 
"default_value", 
"is_auto_number")
 VALUES ('c5d209da-3e62-404f-b67a-8fef0258c643', 
'57a5f7e3-f169-4b98-8cf7-3e3d9b6cddcc', 
'id_token', 
'id_token', 
30, 
0, 
'', 
false);
INSERT INTO "mendixsystem$attribute" ("id", 
"entity_id", 
"attribute_name", 
"column_name", 
"type", 
"length", 
"default_value", 
"is_auto_number")
 VALUES ('fd070421-ea67-3969-9c14-41fc54aafadd', 
'57a5f7e3-f169-4b98-8cf7-3e3d9b6cddcc', 
'createdDate', 
'createddate', 
20, 
0, 
'', 
false);
CREATE TABLE "emailtemplate$token_emailsettings" (
	"emailtemplate$tokenid" BIGINT NOT NULL,
	"emailtemplate$emailsettingsid" BIGINT NOT NULL,
	PRIMARY KEY("emailtemplate$tokenid","emailtemplate$emailsettingsid"),
	CONSTRAINT "uniq_emailtemplate$token_emailsettings_emailtemplate$emailsettingsid" UNIQUE ("emailtemplate$emailsettingsid"),
	CONSTRAINT "uniq_emailtemplate$token_emailsettings_emailtemplate$tokenid" UNIQUE ("emailtemplate$tokenid"));
CREATE INDEX "idx_emailtemplate$token_emailsettings_emailtemplate$emailsettings_emailtemplate$token" ON "emailtemplate$token_emailsettings" ("emailtemplate$emailsettingsid" ASC,"emailtemplate$tokenid" ASC);
INSERT INTO "mendixsystem$association" ("id", 
"association_name", 
"table_name", 
"parent_entity_id", 
"child_entity_id", 
"parent_column_name", 
"child_column_name", 
"index_name")
 VALUES ('80892f98-ae33-4a95-88a1-7181737edc62', 
'EmailTemplate.Token_EmailSettings', 
'emailtemplate$token_emailsettings', 
'57a5f7e3-f169-4b98-8cf7-3e3d9b6cddcc', 
'9af6ef0e-6bd2-45e7-bb7b-193891f2b217', 
'emailtemplate$tokenid', 
'emailtemplate$emailsettingsid', 
'idx_emailtemplate$token_emailsettings_emailtemplate$emailsettings_emailtemplate$token');
INSERT INTO "mendixsystem$unique_constraint" ("name", 
"table_id", 
"column_id")
 VALUES ('uniq_emailtemplate$token_emailsettings_emailtemplate$emailsettingsid', 
'80892f98-ae33-4a95-88a1-7181737edc62', 
'04bdef85-7853-3395-ab1f-59d40a63c975');
INSERT INTO "mendixsystem$unique_constraint" ("name", 
"table_id", 
"column_id")
 VALUES ('uniq_emailtemplate$token_emailsettings_emailtemplate$tokenid', 
'80892f98-ae33-4a95-88a1-7181737edc62', 
'9ac9ba44-e862-322f-a0b5-b3f73407a919');
CREATE TABLE "emailtemplate$emailtemplate" (
	"id" BIGINT NOT NULL,
	"templatename" VARCHAR_IGNORECASE(200) NULL,
	"to" VARCHAR_IGNORECASE(2147483647) NULL,
	"from" VARCHAR_IGNORECASE(200) NULL,
	"fromdisplayname" VARCHAR_IGNORECASE(200) NULL,
	"replyto" VARCHAR_IGNORECASE(200) NULL,
	"cc" VARCHAR_IGNORECASE(2147483647) NULL,
	"bcc" VARCHAR_IGNORECASE(2147483647) NULL,
	"subject" VARCHAR_IGNORECASE(200) NULL,
	"htmlbody" VARCHAR_IGNORECASE(2147483647) NULL,
	"plainbody" VARCHAR_IGNORECASE(2147483647) NULL,
	"creationdate" TIMESTAMP NULL,
	"useonlyplaintext" BOOLEAN NULL,
	"createddate" TIMESTAMP NULL,
	"changeddate" TIMESTAMP NULL,
	"system$changedby" BIGINT NULL,
	"system$owner" BIGINT NULL,
	PRIMARY KEY("id"));
CREATE INDEX "idx_emailtemplate$emailtemplate_system$changedby" ON "emailtemplate$emailtemplate" ("system$changedby" ASC,"id" ASC);
CREATE INDEX "idx_emailtemplate$emailtemplate_system$owner" ON "emailtemplate$emailtemplate" ("system$owner" ASC,"id" ASC);
INSERT INTO "mendixsystem$entity" ("id", 
"entity_name", 
"table_name", 
"remote", 
"remote_primary_key")
 VALUES ('2594eafc-8b95-473d-9f64-70087fc0a239', 
'EmailTemplate.EmailTemplate', 
'emailtemplate$emailtemplate', 
false, 
false);
INSERT INTO "mendixsystem$attribute" ("id", 
"entity_id", 
"attribute_name", 
"column_name", 
"type", 
"length", 
"default_value", 
"is_auto_number")
 VALUES ('bda88477-1bbd-4f2d-bbab-2b9744239ef2', 
'2594eafc-8b95-473d-9f64-70087fc0a239', 
'TemplateName', 
'templatename', 
30, 
200, 
'', 
false);
INSERT INTO "mendixsystem$attribute" ("id", 
"entity_id", 
"attribute_name", 
"column_name", 
"type", 
"length", 
"default_value", 
"is_auto_number")
 VALUES ('0f37a6d2-5fe9-4de1-afbc-7f22495fc4ef', 
'2594eafc-8b95-473d-9f64-70087fc0a239', 
'To', 
'to', 
30, 
0, 
'', 
false);
INSERT INTO "mendixsystem$attribute" ("id", 
"entity_id", 
"attribute_name", 
"column_name", 
"type", 
"length", 
"default_value", 
"is_auto_number")
 VALUES ('7eb538d6-c72b-4e59-950e-15a761c31ac1', 
'2594eafc-8b95-473d-9f64-70087fc0a239', 
'From', 
'from', 
30, 
200, 
'', 
false);
INSERT INTO "mendixsystem$attribute" ("id", 
"entity_id", 
"attribute_name", 
"column_name", 
"type", 
"length", 
"default_value", 
"is_auto_number")
 VALUES ('7889a3fa-b124-4fbd-9664-01b5edcd53ed', 
'2594eafc-8b95-473d-9f64-70087fc0a239', 
'FromDisplayName', 
'fromdisplayname', 
30, 
200, 
'', 
false);
INSERT INTO "mendixsystem$attribute" ("id", 
"entity_id", 
"attribute_name", 
"column_name", 
"type", 
"length", 
"default_value", 
"is_auto_number")
 VALUES ('f7b7fbde-9766-49d2-b8c6-b6fdd5c391ae', 
'2594eafc-8b95-473d-9f64-70087fc0a239', 
'ReplyTo', 
'replyto', 
30, 
200, 
'', 
false);
INSERT INTO "mendixsystem$attribute" ("id", 
"entity_id", 
"attribute_name", 
"column_name", 
"type", 
"length", 
"default_value", 
"is_auto_number")
 VALUES ('eb1fad8d-c549-4456-b6d9-73cc30238229', 
'2594eafc-8b95-473d-9f64-70087fc0a239', 
'CC', 
'cc', 
30, 
0, 
'', 
false);
INSERT INTO "mendixsystem$attribute" ("id", 
"entity_id", 
"attribute_name", 
"column_name", 
"type", 
"length", 
"default_value", 
"is_auto_number")
 VALUES ('b8b9aa1c-1503-4f49-8105-2a9a24a60517', 
'2594eafc-8b95-473d-9f64-70087fc0a239', 
'BCC', 
'bcc', 
30, 
0, 
'', 
false);
INSERT INTO "mendixsystem$attribute" ("id", 
"entity_id", 
"attribute_name", 
"column_name", 
"type", 
"length", 
"default_value", 
"is_auto_number")
 VALUES ('02aa2c6a-69b1-42b3-8378-e7c45825d68a', 
'2594eafc-8b95-473d-9f64-70087fc0a239', 
'Subject', 
'subject', 
30, 
200, 
'', 
false);
INSERT INTO "mendixsystem$attribute" ("id", 
"entity_id", 
"attribute_name", 
"column_name", 
"type", 
"length", 
"default_value", 
"is_auto_number")
 VALUES ('bd079648-6ce8-4e56-8840-029d9039e600', 
'2594eafc-8b95-473d-9f64-70087fc0a239', 
'HtmlBody', 
'htmlbody', 
30, 
0, 
'', 
false);
INSERT INTO "mendixsystem$attribute" ("id", 
"entity_id", 
"attribute_name", 
"column_name", 
"type", 
"length", 
"default_value", 
"is_auto_number")
 VALUES ('4bf4facd-8b9a-4e4b-8c86-764a6ad0b81a', 
'2594eafc-8b95-473d-9f64-70087fc0a239', 
'PlainBody', 
'plainbody', 
30, 
0, 
'', 
false);
INSERT INTO "mendixsystem$attribute" ("id", 
"entity_id", 
"attribute_name", 
"column_name", 
"type", 
"length", 
"default_value", 
"is_auto_number")
 VALUES ('e5cc6fec-abec-4842-8d94-8a4fba6b3cf9', 
'2594eafc-8b95-473d-9f64-70087fc0a239', 
'CreationDate', 
'creationdate', 
20, 
0, 
'', 
false);
INSERT INTO "mendixsystem$attribute" ("id", 
"entity_id", 
"attribute_name", 
"column_name", 
"type", 
"length", 
"default_value", 
"is_auto_number")
 VALUES ('9a26e3af-bc09-457d-aab9-6709c072b010', 
'2594eafc-8b95-473d-9f64-70087fc0a239', 
'UseOnlyPlainText', 
'useonlyplaintext', 
10, 
0, 
'false', 
false);
INSERT INTO "mendixsystem$attribute" ("id", 
"entity_id", 
"attribute_name", 
"column_name", 
"type", 
"length", 
"default_value", 
"is_auto_number")
 VALUES ('e947f53b-d5da-3b63-be5e-c310ec5d6464', 
'2594eafc-8b95-473d-9f64-70087fc0a239', 
'createdDate', 
'createddate', 
20, 
0, 
'', 
false);
INSERT INTO "mendixsystem$attribute" ("id", 
"entity_id", 
"attribute_name", 
"column_name", 
"type", 
"length", 
"default_value", 
"is_auto_number")
 VALUES ('0387ca6f-7cd2-38a3-90b1-59d364dc2aa5', 
'2594eafc-8b95-473d-9f64-70087fc0a239', 
'changedDate', 
'changeddate', 
20, 
0, 
'', 
false);
INSERT INTO "mendixsystem$index" ("id", 
"table_id", 
"index_name")
 VALUES ('156a4881-a6a8-32af-b1a6-0c1371a6df35', 
'2594eafc-8b95-473d-9f64-70087fc0a239', 
'idx_emailtemplate$emailtemplate_system$changedby');
INSERT INTO "mendixsystem$index_column" ("index_id", 
"column_id", 
"sort_order", 
"ordinal")
 VALUES ('156a4881-a6a8-32af-b1a6-0c1371a6df35', 
'530a2fc9-4e8f-3031-a1aa-c0664f60c262', 
false, 
0);
INSERT INTO "mendixsystem$index" ("id", 
"table_id", 
"index_name")
 VALUES ('55711e35-8284-3fa9-b130-52c73614d358', 
'2594eafc-8b95-473d-9f64-70087fc0a239', 
'idx_emailtemplate$emailtemplate_system$owner');
INSERT INTO "mendixsystem$index_column" ("index_id", 
"column_id", 
"sort_order", 
"ordinal")
 VALUES ('55711e35-8284-3fa9-b130-52c73614d358', 
'39c46aaa-34ec-3875-9085-0cc2311df43a', 
false, 
0);
INSERT INTO "mendixsystem$association" ("id", 
"association_name", 
"table_name", 
"parent_entity_id", 
"child_entity_id", 
"parent_column_name", 
"child_column_name")
 VALUES ('530a2fc9-4e8f-3031-a1aa-c0664f60c262', 
'System.changedBy', 
'system$changedby', 
'2594eafc-8b95-473d-9f64-70087fc0a239', 
'282e2e60-88a5-469d-84a5-ba8d9151644f', 
'id', 
'system$changedby');
INSERT INTO "mendixsystem$association" ("id", 
"association_name", 
"table_name", 
"parent_entity_id", 
"child_entity_id", 
"parent_column_name", 
"child_column_name")
 VALUES ('39c46aaa-34ec-3875-9085-0cc2311df43a', 
'System.owner', 
'system$owner', 
'2594eafc-8b95-473d-9f64-70087fc0a239', 
'282e2e60-88a5-469d-84a5-ba8d9151644f', 
'id', 
'system$owner');
CREATE TABLE "emailtemplate$emailtemplate_mxobjecttype" (
	"emailtemplate$emailtemplateid" BIGINT NOT NULL,
	"mxmodelreflection$mxobjecttypeid" BIGINT NOT NULL,
	PRIMARY KEY("emailtemplate$emailtemplateid","mxmodelreflection$mxobjecttypeid"),
	CONSTRAINT "uniq_emailtemplate$emailtemplate_mxobjecttype_emailtemplate$emailtemplateid" UNIQUE ("emailtemplate$emailtemplateid"));
CREATE INDEX "idx_emailtemplate$emailtemplate_mxobjecttype_mxmodelreflection$mxobjecttype_emailtemplate$emailtemplate" ON "emailtemplate$emailtemplate_mxobjecttype" ("mxmodelreflection$mxobjecttypeid" ASC,"emailtemplate$emailtemplateid" ASC);
INSERT INTO "mendixsystem$association" ("id", 
"association_name", 
"table_name", 
"parent_entity_id", 
"child_entity_id", 
"parent_column_name", 
"child_column_name", 
"index_name")
 VALUES ('f14a1108-edb2-4b4a-a404-f23a384c9245', 
'EmailTemplate.EmailTemplate_MxObjectType', 
'emailtemplate$emailtemplate_mxobjecttype', 
'2594eafc-8b95-473d-9f64-70087fc0a239', 
'8c0b6878-3279-4f9e-a317-1bb2d4f36e40', 
'emailtemplate$emailtemplateid', 
'mxmodelreflection$mxobjecttypeid', 
'idx_emailtemplate$emailtemplate_mxobjecttype_mxmodelreflection$mxobjecttype_emailtemplate$emailtemplate');
INSERT INTO "mendixsystem$unique_constraint" ("name", 
"table_id", 
"column_id")
 VALUES ('uniq_emailtemplate$emailtemplate_mxobjecttype_emailtemplate$emailtemplateid', 
'f14a1108-edb2-4b4a-a404-f23a384c9245', 
'20848ccb-4d7d-311c-97a8-09760bca441e');
CREATE TABLE "emailtemplate$emailtemplate_token" (
	"emailtemplate$emailtemplateid" BIGINT NOT NULL,
	"mxmodelreflection$tokenid" BIGINT NOT NULL,
	PRIMARY KEY("emailtemplate$emailtemplateid","mxmodelreflection$tokenid"));
CREATE INDEX "idx_emailtemplate$emailtemplate_token_mxmodelreflection$token_emailtemplate$emailtemplate" ON "emailtemplate$emailtemplate_token" ("mxmodelreflection$tokenid" ASC,"emailtemplate$emailtemplateid" ASC);
INSERT INTO "mendixsystem$association" ("id", 
"association_name", 
"table_name", 
"parent_entity_id", 
"child_entity_id", 
"parent_column_name", 
"child_column_name", 
"index_name")
 VALUES ('fe8a5a8a-6dd9-41a2-8d65-38652ca4ccd2', 
'EmailTemplate.EmailTemplate_Token', 
'emailtemplate$emailtemplate_token', 
'2594eafc-8b95-473d-9f64-70087fc0a239', 
'78be79c8-9fdb-4f53-b8e0-7d533615ccd8', 
'emailtemplate$emailtemplateid', 
'mxmodelreflection$tokenid', 
'idx_emailtemplate$emailtemplate_token_mxmodelreflection$token_emailtemplate$emailtemplate');
CREATE TABLE "emailtemplate$header" (
	"id" BIGINT NOT NULL,
	"name" VARCHAR_IGNORECASE(200) NULL,
	"value" VARCHAR_IGNORECASE(2147483647) NULL,
	PRIMARY KEY("id"));
INSERT INTO "mendixsystem$entity" ("id", 
"entity_name", 
"table_name", 
"remote", 
"remote_primary_key")
 VALUES ('dd76489d-81b6-4cfc-88a2-3d2b78fdc17f', 
'EmailTemplate.Header', 
'emailtemplate$header', 
false, 
false);
INSERT INTO "mendixsystem$attribute" ("id", 
"entity_id", 
"attribute_name", 
"column_name", 
"type", 
"length", 
"default_value", 
"is_auto_number")
 VALUES ('20233cf8-f5a0-49f5-8936-387c1551b65a', 
'dd76489d-81b6-4cfc-88a2-3d2b78fdc17f', 
'Name', 
'name', 
30, 
200, 
'', 
false);
INSERT INTO "mendixsystem$attribute" ("id", 
"entity_id", 
"attribute_name", 
"column_name", 
"type", 
"length", 
"default_value", 
"is_auto_number")
 VALUES ('2d1589e9-3772-449b-948d-6f47ad1727de', 
'dd76489d-81b6-4cfc-88a2-3d2b78fdc17f', 
'Value', 
'value', 
30, 
0, 
'', 
false);
CREATE TABLE "emailtemplate$header_email" (
	"emailtemplate$headerid" BIGINT NOT NULL,
	"emailtemplate$emailid" BIGINT NOT NULL,
	PRIMARY KEY("emailtemplate$headerid","emailtemplate$emailid"),
	CONSTRAINT "uniq_emailtemplate$header_email_emailtemplate$headerid" UNIQUE ("emailtemplate$headerid"));
CREATE INDEX "idx_emailtemplate$header_email_emailtemplate$email_emailtemplate$header" ON "emailtemplate$header_email" ("emailtemplate$emailid" ASC,"emailtemplate$headerid" ASC);
INSERT INTO "mendixsystem$association" ("id", 
"association_name", 
"table_name", 
"parent_entity_id", 
"child_entity_id", 
"parent_column_name", 
"child_column_name", 
"index_name")
 VALUES ('17f386b0-2847-4033-82b3-27710e207f65', 
'EmailTemplate.Header_Email', 
'emailtemplate$header_email', 
'dd76489d-81b6-4cfc-88a2-3d2b78fdc17f', 
'b50dab91-4a0d-4503-a3cd-59d628166ec4', 
'emailtemplate$headerid', 
'emailtemplate$emailid', 
'idx_emailtemplate$header_email_emailtemplate$email_emailtemplate$header');
INSERT INTO "mendixsystem$unique_constraint" ("name", 
"table_id", 
"column_id")
 VALUES ('uniq_emailtemplate$header_email_emailtemplate$headerid', 
'17f386b0-2847-4033-82b3-27710e207f65', 
'8ce8335a-e5f7-34e4-a625-6ab2d29e4837');
CREATE TABLE "emailtemplate$oauthpayload" (
	"id" BIGINT NOT NULL,
	"payload" VARCHAR_IGNORECASE(2147483647) NULL,
	"emailaddress" VARCHAR_IGNORECASE(200) NULL,
	"provider" VARCHAR_IGNORECASE(5) NULL,
	"isreauthpayload" BOOLEAN NULL,
	"reauthaccountid" VARCHAR_IGNORECASE(200) NULL,
	PRIMARY KEY("id"));
INSERT INTO "mendixsystem$entity" ("id", 
"entity_name", 
"table_name", 
"remote", 
"remote_primary_key")
 VALUES ('f701ba3f-b9b4-422d-8cf6-b5ed172bd13f', 
'EmailTemplate.OAuthPayload', 
'emailtemplate$oauthpayload', 
false, 
false);
INSERT INTO "mendixsystem$attribute" ("id", 
"entity_id", 
"attribute_name", 
"column_name", 
"type", 
"length", 
"default_value", 
"is_auto_number")
 VALUES ('4c8662ef-76e1-4c3e-8142-9cd344c2253f', 
'f701ba3f-b9b4-422d-8cf6-b5ed172bd13f', 
'payload', 
'payload', 
30, 
0, 
'', 
false);
INSERT INTO "mendixsystem$attribute" ("id", 
"entity_id", 
"attribute_name", 
"column_name", 
"type", 
"length", 
"default_value", 
"is_auto_number")
 VALUES ('41e70d43-2922-46df-8a5e-b2ece5c9b12d', 
'f701ba3f-b9b4-422d-8cf6-b5ed172bd13f', 
'emailAddress', 
'emailaddress', 
30, 
200, 
'', 
false);
INSERT INTO "mendixsystem$attribute" ("id", 
"entity_id", 
"attribute_name", 
"column_name", 
"type", 
"length", 
"default_value", 
"is_auto_number")
 VALUES ('ffffc489-6778-44b9-87ce-178c692d7d3d', 
'f701ba3f-b9b4-422d-8cf6-b5ed172bd13f', 
'provider', 
'provider', 
40, 
5, 
'NONE', 
false);
INSERT INTO "mendixsystem$attribute" ("id", 
"entity_id", 
"attribute_name", 
"column_name", 
"type", 
"length", 
"default_value", 
"is_auto_number")
 VALUES ('96d10d7e-d432-4048-9780-219cbf1bfef1', 
'f701ba3f-b9b4-422d-8cf6-b5ed172bd13f', 
'isReAuthPayload', 
'isreauthpayload', 
10, 
0, 
'false', 
false);
INSERT INTO "mendixsystem$attribute" ("id", 
"entity_id", 
"attribute_name", 
"column_name", 
"type", 
"length", 
"default_value", 
"is_auto_number")
 VALUES ('3b1e14e3-b975-491e-8558-9df752a1dbb5', 
'f701ba3f-b9b4-422d-8cf6-b5ed172bd13f', 
'reauthAccountId', 
'reauthaccountid', 
30, 
200, 
'', 
false);
CREATE TABLE "emailtemplate$oauthpayload_session" (
	"emailtemplate$oauthpayloadid" BIGINT NOT NULL,
	"system$sessionid" BIGINT NOT NULL,
	PRIMARY KEY("emailtemplate$oauthpayloadid","system$sessionid"),
	CONSTRAINT "uniq_emailtemplate$oauthpayload_session_emailtemplate$oauthpayloadid" UNIQUE ("emailtemplate$oauthpayloadid"));
CREATE INDEX "idx_emailtemplate$oauthpayload_session_system$session_emailtemplate$oauthpayload" ON "emailtemplate$oauthpayload_session" ("system$sessionid" ASC,"emailtemplate$oauthpayloadid" ASC);
INSERT INTO "mendixsystem$association" ("id", 
"association_name", 
"table_name", 
"parent_entity_id", 
"child_entity_id", 
"parent_column_name", 
"child_column_name", 
"index_name")
 VALUES ('dd83ce77-cb48-4751-9155-c013a4d94071', 
'EmailTemplate.OAuthPayload_Session', 
'emailtemplate$oauthpayload_session', 
'f701ba3f-b9b4-422d-8cf6-b5ed172bd13f', 
'37f9fd49-5318-4c63-9a51-f761779b202f', 
'emailtemplate$oauthpayloadid', 
'system$sessionid', 
'idx_emailtemplate$oauthpayload_session_system$session_emailtemplate$oauthpayload');
INSERT INTO "mendixsystem$unique_constraint" ("name", 
"table_id", 
"column_id")
 VALUES ('uniq_emailtemplate$oauthpayload_session_emailtemplate$oauthpayloadid', 
'dd83ce77-cb48-4751-9155-c013a4d94071', 
'373dc119-bf22-3f7e-9c68-e170e1fa7156');
CREATE TABLE "emailtemplate$emaillog" (
	"id" BIGINT NOT NULL,
	"created" TIMESTAMP NULL,
	"logtype" VARCHAR_IGNORECASE(7) NULL,
	"message" VARCHAR_IGNORECASE(2147483647) NULL,
	"errormessage" VARCHAR_IGNORECASE(2147483647) NULL,
	"triggeredinmf" VARCHAR_IGNORECASE(200) NULL,
	"stacktrace" VARCHAR_IGNORECASE(2147483647) NULL,
	PRIMARY KEY("id"));
CREATE INDEX "idx_emailtemplate$emaillog_created_asc" ON "emailtemplate$emaillog" ("created" ASC,"id" ASC);
INSERT INTO "mendixsystem$entity" ("id", 
"entity_name", 
"table_name", 
"remote", 
"remote_primary_key")
 VALUES ('25ca8177-5793-4336-b2d9-fb64872a07fa', 
'EmailTemplate.EmailLog', 
'emailtemplate$emaillog', 
false, 
false);
INSERT INTO "mendixsystem$attribute" ("id", 
"entity_id", 
"attribute_name", 
"column_name", 
"type", 
"length", 
"default_value", 
"is_auto_number")
 VALUES ('d72228f8-a9d6-4ac5-b54d-ffea38ab9328', 
'25ca8177-5793-4336-b2d9-fb64872a07fa', 
'Created', 
'created', 
20, 
0, 
'', 
false);
INSERT INTO "mendixsystem$attribute" ("id", 
"entity_id", 
"attribute_name", 
"column_name", 
"type", 
"length", 
"default_value", 
"is_auto_number")
 VALUES ('80a638c9-441f-4099-a16f-fb2255b45ed5', 
'25ca8177-5793-4336-b2d9-fb64872a07fa', 
'Logtype', 
'logtype', 
40, 
7, 
'', 
false);
INSERT INTO "mendixsystem$attribute" ("id", 
"entity_id", 
"attribute_name", 
"column_name", 
"type", 
"length", 
"default_value", 
"is_auto_number")
 VALUES ('ca0697b9-fafd-43e4-a524-5330c2523b7c', 
'25ca8177-5793-4336-b2d9-fb64872a07fa', 
'Message', 
'message', 
30, 
0, 
'', 
false);
INSERT INTO "mendixsystem$attribute" ("id", 
"entity_id", 
"attribute_name", 
"column_name", 
"type", 
"length", 
"default_value", 
"is_auto_number")
 VALUES ('769d623b-0b86-4b67-acb3-d73e0db7ed98', 
'25ca8177-5793-4336-b2d9-fb64872a07fa', 
'ErrorMessage', 
'errormessage', 
30, 
0, 
'', 
false);
INSERT INTO "mendixsystem$attribute" ("id", 
"entity_id", 
"attribute_name", 
"column_name", 
"type", 
"length", 
"default_value", 
"is_auto_number")
 VALUES ('bd647523-3018-475e-a54b-d913573a38ac', 
'25ca8177-5793-4336-b2d9-fb64872a07fa', 
'TriggeredInMF', 
'triggeredinmf', 
30, 
200, 
'', 
false);
INSERT INTO "mendixsystem$attribute" ("id", 
"entity_id", 
"attribute_name", 
"column_name", 
"type", 
"length", 
"default_value", 
"is_auto_number")
 VALUES ('ceabca29-ae54-4f8b-a29a-c47f953066a0', 
'25ca8177-5793-4336-b2d9-fb64872a07fa', 
'StackTrace', 
'stacktrace', 
30, 
0, 
'', 
false);
INSERT INTO "mendixsystem$index" ("id", 
"table_id", 
"index_name")
 VALUES ('4f1f063b-891d-421f-9752-65328f05866e', 
'25ca8177-5793-4336-b2d9-fb64872a07fa', 
'idx_emailtemplate$emaillog_created_asc');
INSERT INTO "mendixsystem$index_column" ("index_id", 
"column_id", 
"sort_order", 
"ordinal")
 VALUES ('4f1f063b-891d-421f-9752-65328f05866e', 
'd72228f8-a9d6-4ac5-b54d-ffea38ab9328', 
false, 
0);
CREATE TABLE "emailtemplate$modulesetup" (
	"id" BIGINT NOT NULL,
	"completed" BOOLEAN NULL,
	"nroftemplates" INT NULL,
	"sentsuccessful" BOOLEAN NULL,
	PRIMARY KEY("id"));
INSERT INTO "mendixsystem$entity" ("id", 
"entity_name", 
"table_name", 
"remote", 
"remote_primary_key")
 VALUES ('ec4f81f5-35d0-4062-b610-a020e511d897', 
'EmailTemplate.ModuleSetup', 
'emailtemplate$modulesetup', 
false, 
false);
INSERT INTO "mendixsystem$attribute" ("id", 
"entity_id", 
"attribute_name", 
"column_name", 
"type", 
"length", 
"default_value", 
"is_auto_number")
 VALUES ('6b86b239-53af-4582-940e-b090d200769d', 
'ec4f81f5-35d0-4062-b610-a020e511d897', 
'Completed', 
'completed', 
10, 
0, 
'true', 
false);
INSERT INTO "mendixsystem$attribute" ("id", 
"entity_id", 
"attribute_name", 
"column_name", 
"type", 
"length", 
"default_value", 
"is_auto_number")
 VALUES ('8517b3d6-96ea-43e0-b7ea-cecdfa4dc4d4', 
'ec4f81f5-35d0-4062-b610-a020e511d897', 
'NrOfTemplates', 
'nroftemplates', 
3, 
0, 
'0', 
false);
INSERT INTO "mendixsystem$attribute" ("id", 
"entity_id", 
"attribute_name", 
"column_name", 
"type", 
"length", 
"default_value", 
"is_auto_number")
 VALUES ('7adee9f7-bc5c-4d48-8326-02bd5d77539c', 
'ec4f81f5-35d0-4062-b610-a020e511d897', 
'SentSuccessful', 
'sentsuccessful', 
10, 
0, 
'false', 
false);
CREATE TABLE "emailtemplate$modulesetup_emailsettings" (
	"emailtemplate$modulesetupid" BIGINT NOT NULL,
	"emailtemplate$emailsettingsid" BIGINT NOT NULL,
	PRIMARY KEY("emailtemplate$modulesetupid","emailtemplate$emailsettingsid"),
	CONSTRAINT "uniq_emailtemplate$modulesetup_emailsettings_emailtemplate$modulesetupid" UNIQUE ("emailtemplate$modulesetupid"));
CREATE INDEX "idx_emailtemplate$modulesetup_emailsettings_emailtemplate$emailsettings_emailtemplate$modulesetup" ON "emailtemplate$modulesetup_emailsettings" ("emailtemplate$emailsettingsid" ASC,"emailtemplate$modulesetupid" ASC);
INSERT INTO "mendixsystem$association" ("id", 
"association_name", 
"table_name", 
"parent_entity_id", 
"child_entity_id", 
"parent_column_name", 
"child_column_name", 
"index_name")
 VALUES ('b1a530b0-d3f2-4f7a-aabd-c467839ea61c', 
'EmailTemplate.ModuleSetup_EmailSettings', 
'emailtemplate$modulesetup_emailsettings', 
'ec4f81f5-35d0-4062-b610-a020e511d897', 
'9af6ef0e-6bd2-45e7-bb7b-193891f2b217', 
'emailtemplate$modulesetupid', 
'emailtemplate$emailsettingsid', 
'idx_emailtemplate$modulesetup_emailsettings_emailtemplate$emailsettings_emailtemplate$modulesetup');
INSERT INTO "mendixsystem$unique_constraint" ("name", 
"table_id", 
"column_id")
 VALUES ('uniq_emailtemplate$modulesetup_emailsettings_emailtemplate$modulesetupid', 
'b1a530b0-d3f2-4f7a-aabd-c467839ea61c', 
'06fefa2d-631e-3dc3-9775-37b783d243f9');
CREATE TABLE "emailtemplate$email" (
	"id" BIGINT NOT NULL,
	"to" VARCHAR_IGNORECASE(2147483647) NULL,
	"from" VARCHAR_IGNORECASE(200) NULL,
	"fromdisplayname" VARCHAR_IGNORECASE(500) NULL,
	"replyto" VARCHAR_IGNORECASE(200) NULL,
	"cc" VARCHAR_IGNORECASE(2147483647) NULL,
	"bcc" VARCHAR_IGNORECASE(2147483647) NULL,
	"subject" VARCHAR_IGNORECASE(250) NULL,
	"date" TIMESTAMP NULL,
	"useonlyplaintext" BOOLEAN NULL,
	"htmlbody" VARCHAR_IGNORECASE(2147483647) NULL,
	"plainbody" VARCHAR_IGNORECASE(2147483647) NULL,
	"queued" BOOLEAN NULL,
	"attempts" INT NULL,
	"datesent" TIMESTAMP NULL,
	"lasterror" VARCHAR_IGNORECASE(2147483647) NULL,
	"lastattempt" TIMESTAMP NULL,
	"status" VARCHAR_IGNORECASE(6) NULL,
	PRIMARY KEY("id"));
CREATE INDEX "idx_emailtemplate$email_queued_asc_status_asc_lastattempt_asc" ON "emailtemplate$email" ("queued" ASC,"status" ASC,"lastattempt" ASC,"id" ASC);
CREATE INDEX "idx_emailtemplate$email_datesent_asc" ON "emailtemplate$email" ("datesent" ASC,"id" ASC);
CREATE INDEX "idx_emailtemplate$email_lastattempt_asc_queued_asc" ON "emailtemplate$email" ("lastattempt" ASC,"queued" ASC,"id" ASC);
INSERT INTO "mendixsystem$entity" ("id", 
"entity_name", 
"table_name", 
"remote", 
"remote_primary_key")
 VALUES ('b50dab91-4a0d-4503-a3cd-59d628166ec4', 
'EmailTemplate.Email', 
'emailtemplate$email', 
false, 
false);
INSERT INTO "mendixsystem$attribute" ("id", 
"entity_id", 
"attribute_name", 
"column_name", 
"type", 
"length", 
"default_value", 
"is_auto_number")
 VALUES ('907388d3-2927-4879-8f96-9ad60e4e104c', 
'b50dab91-4a0d-4503-a3cd-59d628166ec4', 
'To', 
'to', 
30, 
0, 
'', 
false);
INSERT INTO "mendixsystem$attribute" ("id", 
"entity_id", 
"attribute_name", 
"column_name", 
"type", 
"length", 
"default_value", 
"is_auto_number")
 VALUES ('c469ab50-11ca-4d17-b2dd-360317db124e', 
'b50dab91-4a0d-4503-a3cd-59d628166ec4', 
'From', 
'from', 
30, 
200, 
'', 
false);
INSERT INTO "mendixsystem$attribute" ("id", 
"entity_id", 
"attribute_name", 
"column_name", 
"type", 
"length", 
"default_value", 
"is_auto_number")
 VALUES ('bea60cac-baa8-4ff9-8e58-1b350c4f0a4c', 
'b50dab91-4a0d-4503-a3cd-59d628166ec4', 
'FromDisplayName', 
'fromdisplayname', 
30, 
500, 
'', 
false);
INSERT INTO "mendixsystem$attribute" ("id", 
"entity_id", 
"attribute_name", 
"column_name", 
"type", 
"length", 
"default_value", 
"is_auto_number")
 VALUES ('2be497c3-8277-4dd4-8778-788827f194cd', 
'b50dab91-4a0d-4503-a3cd-59d628166ec4', 
'ReplyTo', 
'replyto', 
30, 
200, 
'', 
false);
INSERT INTO "mendixsystem$attribute" ("id", 
"entity_id", 
"attribute_name", 
"column_name", 
"type", 
"length", 
"default_value", 
"is_auto_number")
 VALUES ('5b9c5ff0-9c59-46d8-b18b-1728f24a8c40', 
'b50dab91-4a0d-4503-a3cd-59d628166ec4', 
'CC', 
'cc', 
30, 
0, 
'', 
false);
INSERT INTO "mendixsystem$attribute" ("id", 
"entity_id", 
"attribute_name", 
"column_name", 
"type", 
"length", 
"default_value", 
"is_auto_number")
 VALUES ('e548e373-260c-402a-b43e-c5a988eb254a', 
'b50dab91-4a0d-4503-a3cd-59d628166ec4', 
'BCC', 
'bcc', 
30, 
0, 
'', 
false);
INSERT INTO "mendixsystem$attribute" ("id", 
"entity_id", 
"attribute_name", 
"column_name", 
"type", 
"length", 
"default_value", 
"is_auto_number")
 VALUES ('8243431d-ecbc-4822-8e20-1eefcb943076', 
'b50dab91-4a0d-4503-a3cd-59d628166ec4', 
'Subject', 
'subject', 
30, 
250, 
'', 
false);
INSERT INTO "mendixsystem$attribute" ("id", 
"entity_id", 
"attribute_name", 
"column_name", 
"type", 
"length", 
"default_value", 
"is_auto_number")
 VALUES ('03fc6392-20a0-4ba3-8e92-a35f90a9eb67', 
'b50dab91-4a0d-4503-a3cd-59d628166ec4', 
'Date', 
'date', 
20, 
0, 
'', 
false);
INSERT INTO "mendixsystem$attribute" ("id", 
"entity_id", 
"attribute_name", 
"column_name", 
"type", 
"length", 
"default_value", 
"is_auto_number")
 VALUES ('cafc3a7e-54a9-4dd1-9bee-c124823d62ff', 
'b50dab91-4a0d-4503-a3cd-59d628166ec4', 
'UseOnlyPlainText', 
'useonlyplaintext', 
10, 
0, 
'false', 
false);
INSERT INTO "mendixsystem$attribute" ("id", 
"entity_id", 
"attribute_name", 
"column_name", 
"type", 
"length", 
"default_value", 
"is_auto_number")
 VALUES ('5335753b-1c98-4773-bdc4-90829d80d184', 
'b50dab91-4a0d-4503-a3cd-59d628166ec4', 
'HtmlBody', 
'htmlbody', 
30, 
0, 
'', 
false);
INSERT INTO "mendixsystem$attribute" ("id", 
"entity_id", 
"attribute_name", 
"column_name", 
"type", 
"length", 
"default_value", 
"is_auto_number")
 VALUES ('c2cf5e64-dd75-4e4d-a92f-fb02f1a9a84f', 
'b50dab91-4a0d-4503-a3cd-59d628166ec4', 
'PlainBody', 
'plainbody', 
30, 
0, 
'', 
false);
INSERT INTO "mendixsystem$attribute" ("id", 
"entity_id", 
"attribute_name", 
"column_name", 
"type", 
"length", 
"default_value", 
"is_auto_number")
 VALUES ('0389b083-8bd3-45eb-b06d-d41b036200a4', 
'b50dab91-4a0d-4503-a3cd-59d628166ec4', 
'Queued', 
'queued', 
10, 
0, 
'false', 
false);
INSERT INTO "mendixsystem$attribute" ("id", 
"entity_id", 
"attribute_name", 
"column_name", 
"type", 
"length", 
"default_value", 
"is_auto_number")
 VALUES ('b431b4d4-821d-496b-9fd1-b4c57968182f', 
'b50dab91-4a0d-4503-a3cd-59d628166ec4', 
'Attempts', 
'attempts', 
3, 
0, 
'0', 
false);
INSERT INTO "mendixsystem$attribute" ("id", 
"entity_id", 
"attribute_name", 
"column_name", 
"type", 
"length", 
"default_value", 
"is_auto_number")
 VALUES ('e90a5d4c-73b4-4652-a82e-45c27a27de91', 
'b50dab91-4a0d-4503-a3cd-59d628166ec4', 
'DateSent', 
'datesent', 
20, 
0, 
'', 
false);
INSERT INTO "mendixsystem$attribute" ("id", 
"entity_id", 
"attribute_name", 
"column_name", 
"type", 
"length", 
"default_value", 
"is_auto_number")
 VALUES ('0f203848-40ef-4f05-9023-43b6519539c0', 
'b50dab91-4a0d-4503-a3cd-59d628166ec4', 
'LastError', 
'lasterror', 
30, 
0, 
'', 
false);
INSERT INTO "mendixsystem$attribute" ("id", 
"entity_id", 
"attribute_name", 
"column_name", 
"type", 
"length", 
"default_value", 
"is_auto_number")
 VALUES ('29216dcf-1183-4b6e-ae32-0665a0e00a17', 
'b50dab91-4a0d-4503-a3cd-59d628166ec4', 
'LastAttempt', 
'lastattempt', 
20, 
0, 
'', 
false);
INSERT INTO "mendixsystem$attribute" ("id", 
"entity_id", 
"attribute_name", 
"column_name", 
"type", 
"length", 
"default_value", 
"is_auto_number")
 VALUES ('d18c7f99-d3f0-48c7-85b5-8c7b2a7cd49e', 
'b50dab91-4a0d-4503-a3cd-59d628166ec4', 
'Status', 
'status', 
40, 
6, 
'', 
false);
INSERT INTO "mendixsystem$index" ("id", 
"table_id", 
"index_name")
 VALUES ('5012bbd7-91b1-4523-9609-9ef5df916399', 
'b50dab91-4a0d-4503-a3cd-59d628166ec4', 
'idx_emailtemplate$email_queued_asc_status_asc_lastattempt_asc');
INSERT INTO "mendixsystem$index_column" ("index_id", 
"column_id", 
"sort_order", 
"ordinal")
 VALUES ('5012bbd7-91b1-4523-9609-9ef5df916399', 
'0389b083-8bd3-45eb-b06d-d41b036200a4', 
false, 
0);
INSERT INTO "mendixsystem$index_column" ("index_id", 
"column_id", 
"sort_order", 
"ordinal")
 VALUES ('5012bbd7-91b1-4523-9609-9ef5df916399', 
'd18c7f99-d3f0-48c7-85b5-8c7b2a7cd49e', 
false, 
1);
INSERT INTO "mendixsystem$index_column" ("index_id", 
"column_id", 
"sort_order", 
"ordinal")
 VALUES ('5012bbd7-91b1-4523-9609-9ef5df916399', 
'29216dcf-1183-4b6e-ae32-0665a0e00a17', 
false, 
2);
INSERT INTO "mendixsystem$index" ("id", 
"table_id", 
"index_name")
 VALUES ('347c11bd-cd62-4db8-a190-f6b65b9531d4', 
'b50dab91-4a0d-4503-a3cd-59d628166ec4', 
'idx_emailtemplate$email_datesent_asc');
INSERT INTO "mendixsystem$index_column" ("index_id", 
"column_id", 
"sort_order", 
"ordinal")
 VALUES ('347c11bd-cd62-4db8-a190-f6b65b9531d4', 
'e90a5d4c-73b4-4652-a82e-45c27a27de91', 
false, 
0);
INSERT INTO "mendixsystem$index" ("id", 
"table_id", 
"index_name")
 VALUES ('59322d77-68e4-4134-8f9f-831822790633', 
'b50dab91-4a0d-4503-a3cd-59d628166ec4', 
'idx_emailtemplate$email_lastattempt_asc_queued_asc');
INSERT INTO "mendixsystem$index_column" ("index_id", 
"column_id", 
"sort_order", 
"ordinal")
 VALUES ('59322d77-68e4-4134-8f9f-831822790633', 
'29216dcf-1183-4b6e-ae32-0665a0e00a17', 
false, 
0);
INSERT INTO "mendixsystem$index_column" ("index_id", 
"column_id", 
"sort_order", 
"ordinal")
 VALUES ('59322d77-68e4-4134-8f9f-831822790633', 
'0389b083-8bd3-45eb-b06d-d41b036200a4', 
false, 
1);
CREATE TABLE "emailtemplate$email_emailtemplate" (
	"emailtemplate$emailid" BIGINT NOT NULL,
	"emailtemplate$emailtemplateid" BIGINT NOT NULL,
	PRIMARY KEY("emailtemplate$emailid","emailtemplate$emailtemplateid"),
	CONSTRAINT "uniq_emailtemplate$email_emailtemplate_emailtemplate$emailid" UNIQUE ("emailtemplate$emailid"));
CREATE INDEX "idx_emailtemplate$email_emailtemplate_emailtemplate$emailtemplate_emailtemplate$email" ON "emailtemplate$email_emailtemplate" ("emailtemplate$emailtemplateid" ASC,"emailtemplate$emailid" ASC);
INSERT INTO "mendixsystem$association" ("id", 
"association_name", 
"table_name", 
"parent_entity_id", 
"child_entity_id", 
"parent_column_name", 
"child_column_name", 
"index_name")
 VALUES ('bba45d64-c7e2-4c1f-b02d-9632d331a951', 
'EmailTemplate.Email_EmailTemplate', 
'emailtemplate$email_emailtemplate', 
'b50dab91-4a0d-4503-a3cd-59d628166ec4', 
'2594eafc-8b95-473d-9f64-70087fc0a239', 
'emailtemplate$emailid', 
'emailtemplate$emailtemplateid', 
'idx_emailtemplate$email_emailtemplate_emailtemplate$emailtemplate_emailtemplate$email');
INSERT INTO "mendixsystem$unique_constraint" ("name", 
"table_id", 
"column_id")
 VALUES ('uniq_emailtemplate$email_emailtemplate_emailtemplate$emailid', 
'bba45d64-c7e2-4c1f-b02d-9632d331a951', 
'dd2f6e81-7394-33a0-9c6b-59ec107c3de2');
CREATE TABLE "emailtemplate$oauthproviderdetails" (
	"id" BIGINT NOT NULL,
	"provider" VARCHAR_IGNORECASE(5) NULL,
	"clientid" VARCHAR_IGNORECASE(200) NULL,
	"clientsecret" VARCHAR_IGNORECASE(200) NULL,
	"tenantid" VARCHAR_IGNORECASE(200) NULL,
	PRIMARY KEY("id"),
	CONSTRAINT "uniq_emailtemplate$oauthproviderdetails_provider" UNIQUE ("provider"));
INSERT INTO "mendixsystem$entity" ("id", 
"entity_name", 
"table_name", 
"remote", 
"remote_primary_key")
 VALUES ('dc8e3a10-0e5d-499d-8de7-8b25f24490df', 
'EmailTemplate.OAuthProviderDetails', 
'emailtemplate$oauthproviderdetails', 
false, 
false);
INSERT INTO "mendixsystem$attribute" ("id", 
"entity_id", 
"attribute_name", 
"column_name", 
"type", 
"length", 
"default_value", 
"is_auto_number")
 VALUES ('6117262b-bea5-4703-b465-a65906e47d94', 
'dc8e3a10-0e5d-499d-8de7-8b25f24490df', 
'Provider', 
'provider', 
40, 
5, 
'AZURE', 
false);
INSERT INTO "mendixsystem$attribute" ("id", 
"entity_id", 
"attribute_name", 
"column_name", 
"type", 
"length", 
"default_value", 
"is_auto_number")
 VALUES ('d6602d1d-0122-4f66-8095-626d20bceb35', 
'dc8e3a10-0e5d-499d-8de7-8b25f24490df', 
'ClientID', 
'clientid', 
30, 
200, 
'', 
false);
INSERT INTO "mendixsystem$attribute" ("id", 
"entity_id", 
"attribute_name", 
"column_name", 
"type", 
"length", 
"default_value", 
"is_auto_number")
 VALUES ('00aa71fb-a1a6-41dc-8390-1cfe3db7ffa0', 
'dc8e3a10-0e5d-499d-8de7-8b25f24490df', 
'ClientSecret', 
'clientsecret', 
30, 
200, 
'', 
false);
INSERT INTO "mendixsystem$attribute" ("id", 
"entity_id", 
"attribute_name", 
"column_name", 
"type", 
"length", 
"default_value", 
"is_auto_number")
 VALUES ('09ecb9a4-c5bb-4558-a8e2-bac06c3a444e', 
'dc8e3a10-0e5d-499d-8de7-8b25f24490df', 
'TenantID', 
'tenantid', 
30, 
200, 
'', 
false);
INSERT INTO "mendixsystem$unique_constraint" ("name", 
"table_id", 
"column_id")
 VALUES ('uniq_emailtemplate$oauthproviderdetails_provider', 
'dc8e3a10-0e5d-499d-8de7-8b25f24490df', 
'6117262b-bea5-4703-b465-a65906e47d94');
CREATE TABLE "emailtemplate$oautherrors" (
	"id" BIGINT NOT NULL,
	"httpstatuscode" INT NULL,
	"errortype" VARCHAR_IGNORECASE(200) NULL,
	"message" VARCHAR_IGNORECASE(2147483647) NULL,
	"traceid" VARCHAR_IGNORECASE(200) NULL,
	"correlationid" VARCHAR_IGNORECASE(200) NULL,
	"timestamp" VARCHAR_IGNORECASE(200) NULL,
	"errorcodes" VARCHAR_IGNORECASE(500) NULL,
	"createddate" TIMESTAMP NULL,
	PRIMARY KEY("id"));
INSERT INTO "mendixsystem$entity" ("id", 
"entity_name", 
"table_name", 
"remote", 
"remote_primary_key")
 VALUES ('97303eb4-2d94-481c-a3b9-21541be29f34', 
'EmailTemplate.OAuthErrors', 
'emailtemplate$oautherrors', 
false, 
false);
INSERT INTO "mendixsystem$attribute" ("id", 
"entity_id", 
"attribute_name", 
"column_name", 
"type", 
"length", 
"default_value", 
"is_auto_number")
 VALUES ('e52c050d-9893-4c41-be77-95f5ae704e42', 
'97303eb4-2d94-481c-a3b9-21541be29f34', 
'HTTPStatusCode', 
'httpstatuscode', 
3, 
0, 
'0', 
false);
INSERT INTO "mendixsystem$attribute" ("id", 
"entity_id", 
"attribute_name", 
"column_name", 
"type", 
"length", 
"default_value", 
"is_auto_number")
 VALUES ('27f4862f-9d6a-446e-9a8a-1a9e03ea8e3e', 
'97303eb4-2d94-481c-a3b9-21541be29f34', 
'ErrorType', 
'errortype', 
30, 
200, 
'', 
false);
INSERT INTO "mendixsystem$attribute" ("id", 
"entity_id", 
"attribute_name", 
"column_name", 
"type", 
"length", 
"default_value", 
"is_auto_number")
 VALUES ('f066d2a9-1ce7-4f06-b7b7-f52a0bd2e402', 
'97303eb4-2d94-481c-a3b9-21541be29f34', 
'Message', 
'message', 
30, 
0, 
'', 
false);
INSERT INTO "mendixsystem$attribute" ("id", 
"entity_id", 
"attribute_name", 
"column_name", 
"type", 
"length", 
"default_value", 
"is_auto_number")
 VALUES ('1886ab61-9fe1-409f-81e7-55724868df0b', 
'97303eb4-2d94-481c-a3b9-21541be29f34', 
'TraceID', 
'traceid', 
30, 
200, 
'', 
false);
INSERT INTO "mendixsystem$attribute" ("id", 
"entity_id", 
"attribute_name", 
"column_name", 
"type", 
"length", 
"default_value", 
"is_auto_number")
 VALUES ('7cf660c9-a19b-45ff-9aa7-1ec1e9ca0259', 
'97303eb4-2d94-481c-a3b9-21541be29f34', 
'CorrelationID', 
'correlationid', 
30, 
200, 
'', 
false);
INSERT INTO "mendixsystem$attribute" ("id", 
"entity_id", 
"attribute_name", 
"column_name", 
"type", 
"length", 
"default_value", 
"is_auto_number")
 VALUES ('d780df0e-1173-4568-91b0-674827fadb20', 
'97303eb4-2d94-481c-a3b9-21541be29f34', 
'Timestamp', 
'timestamp', 
30, 
200, 
'', 
false);
INSERT INTO "mendixsystem$attribute" ("id", 
"entity_id", 
"attribute_name", 
"column_name", 
"type", 
"length", 
"default_value", 
"is_auto_number")
 VALUES ('b23391f8-d343-48c5-aa53-68fa47ccc881', 
'97303eb4-2d94-481c-a3b9-21541be29f34', 
'ErrorCodes', 
'errorcodes', 
30, 
500, 
'', 
false);
INSERT INTO "mendixsystem$attribute" ("id", 
"entity_id", 
"attribute_name", 
"column_name", 
"type", 
"length", 
"default_value", 
"is_auto_number")
 VALUES ('f41198da-5e10-34c1-80a6-c26e81c8ea20', 
'97303eb4-2d94-481c-a3b9-21541be29f34', 
'createdDate', 
'createddate', 
20, 
0, 
'', 
false);
CREATE TABLE "emailtemplate$oautherrors_session" (
	"emailtemplate$oautherrorsid" BIGINT NOT NULL,
	"system$sessionid" BIGINT NOT NULL,
	PRIMARY KEY("emailtemplate$oautherrorsid","system$sessionid"),
	CONSTRAINT "uniq_emailtemplate$oautherrors_session_emailtemplate$oautherrorsid" UNIQUE ("emailtemplate$oautherrorsid"));
CREATE INDEX "idx_emailtemplate$oautherrors_session_system$session_emailtemplate$oautherrors" ON "emailtemplate$oautherrors_session" ("system$sessionid" ASC,"emailtemplate$oautherrorsid" ASC);
INSERT INTO "mendixsystem$association" ("id", 
"association_name", 
"table_name", 
"parent_entity_id", 
"child_entity_id", 
"parent_column_name", 
"child_column_name", 
"index_name")
 VALUES ('b8d29ba8-d8e7-4dc3-a790-1da5fa2b3f48', 
'EmailTemplate.OAuthErrors_Session', 
'emailtemplate$oautherrors_session', 
'97303eb4-2d94-481c-a3b9-21541be29f34', 
'37f9fd49-5318-4c63-9a51-f761779b202f', 
'emailtemplate$oautherrorsid', 
'system$sessionid', 
'idx_emailtemplate$oautherrors_session_system$session_emailtemplate$oautherrors');
INSERT INTO "mendixsystem$unique_constraint" ("name", 
"table_id", 
"column_id")
 VALUES ('uniq_emailtemplate$oautherrors_session_emailtemplate$oautherrorsid', 
'b8d29ba8-d8e7-4dc3-a790-1da5fa2b3f48', 
'd9e070d0-fcdc-3d46-a8a9-b8636251b62e');
CREATE TABLE "emailtemplate$emailsettings" (
	"id" BIGINT NOT NULL,
	"username" VARCHAR_IGNORECASE(200) NULL,
	"password" VARCHAR_IGNORECASE(2147483647) NULL,
	"server" VARCHAR_IGNORECASE(200) NULL,
	"port" INT NULL,
	"fromaddress" VARCHAR_IGNORECASE(200) NULL,
	"fromdisplayname" VARCHAR_IGNORECASE(500) NULL,
	"usessl" BOOLEAN NULL,
	"usetls" BOOLEAN NULL,
	"maxattempts" INT NULL,
	"usesslcheckserveridentity" BOOLEAN NULL,
	"isoauthused" BOOLEAN NULL,
	"createddate" TIMESTAMP NULL,
	"changeddate" TIMESTAMP NULL,
	"system$changedby" BIGINT NULL,
	"system$owner" BIGINT NULL,
	PRIMARY KEY("id"));
CREATE INDEX "idx_emailtemplate$emailsettings_system$changedby" ON "emailtemplate$emailsettings" ("system$changedby" ASC,"id" ASC);
CREATE INDEX "idx_emailtemplate$emailsettings_system$owner" ON "emailtemplate$emailsettings" ("system$owner" ASC,"id" ASC);
INSERT INTO "mendixsystem$entity" ("id", 
"entity_name", 
"table_name", 
"remote", 
"remote_primary_key")
 VALUES ('9af6ef0e-6bd2-45e7-bb7b-193891f2b217', 
'EmailTemplate.EmailSettings', 
'emailtemplate$emailsettings', 
false, 
false);
INSERT INTO "mendixsystem$attribute" ("id", 
"entity_id", 
"attribute_name", 
"column_name", 
"type", 
"length", 
"default_value", 
"is_auto_number")
 VALUES ('d90b995f-dd87-41bf-94e9-2af435416abf', 
'9af6ef0e-6bd2-45e7-bb7b-193891f2b217', 
'UserName', 
'username', 
30, 
200, 
'', 
false);
INSERT INTO "mendixsystem$attribute" ("id", 
"entity_id", 
"attribute_name", 
"column_name", 
"type", 
"length", 
"default_value", 
"is_auto_number")
 VALUES ('0fcd6522-a6ee-4d98-8255-3e6477df8e27', 
'9af6ef0e-6bd2-45e7-bb7b-193891f2b217', 
'Password', 
'password', 
30, 
0, 
'', 
false);
INSERT INTO "mendixsystem$attribute" ("id", 
"entity_id", 
"attribute_name", 
"column_name", 
"type", 
"length", 
"default_value", 
"is_auto_number")
 VALUES ('0d5b5d59-4acf-4067-aab5-092b183998bc', 
'9af6ef0e-6bd2-45e7-bb7b-193891f2b217', 
'Server', 
'server', 
30, 
200, 
'', 
false);
INSERT INTO "mendixsystem$attribute" ("id", 
"entity_id", 
"attribute_name", 
"column_name", 
"type", 
"length", 
"default_value", 
"is_auto_number")
 VALUES ('ca94e6da-f957-40aa-811e-7ada93614b13', 
'9af6ef0e-6bd2-45e7-bb7b-193891f2b217', 
'Port', 
'port', 
3, 
0, 
'', 
false);
INSERT INTO "mendixsystem$attribute" ("id", 
"entity_id", 
"attribute_name", 
"column_name", 
"type", 
"length", 
"default_value", 
"is_auto_number")
 VALUES ('e9b7302d-e513-467e-a638-11cf4452d170', 
'9af6ef0e-6bd2-45e7-bb7b-193891f2b217', 
'FromAddress', 
'fromaddress', 
30, 
200, 
'', 
false);
INSERT INTO "mendixsystem$attribute" ("id", 
"entity_id", 
"attribute_name", 
"column_name", 
"type", 
"length", 
"default_value", 
"is_auto_number")
 VALUES ('8d00a19c-42f2-43d3-9ace-7a502159a041', 
'9af6ef0e-6bd2-45e7-bb7b-193891f2b217', 
'FromDisplayName', 
'fromdisplayname', 
30, 
500, 
'', 
false);
INSERT INTO "mendixsystem$attribute" ("id", 
"entity_id", 
"attribute_name", 
"column_name", 
"type", 
"length", 
"default_value", 
"is_auto_number")
 VALUES ('e65368b3-fbbb-476e-8051-44c182e2f815', 
'9af6ef0e-6bd2-45e7-bb7b-193891f2b217', 
'UseSSL', 
'usessl', 
10, 
0, 
'false', 
false);
INSERT INTO "mendixsystem$attribute" ("id", 
"entity_id", 
"attribute_name", 
"column_name", 
"type", 
"length", 
"default_value", 
"is_auto_number")
 VALUES ('426ee38e-c530-483c-ba31-985889015e28', 
'9af6ef0e-6bd2-45e7-bb7b-193891f2b217', 
'UseTLS', 
'usetls', 
10, 
0, 
'false', 
false);
INSERT INTO "mendixsystem$attribute" ("id", 
"entity_id", 
"attribute_name", 
"column_name", 
"type", 
"length", 
"default_value", 
"is_auto_number")
 VALUES ('956f2d22-7200-4534-aa5f-f5ae644fe51d', 
'9af6ef0e-6bd2-45e7-bb7b-193891f2b217', 
'MaxAttempts', 
'maxattempts', 
3, 
0, 
'10', 
false);
INSERT INTO "mendixsystem$attribute" ("id", 
"entity_id", 
"attribute_name", 
"column_name", 
"type", 
"length", 
"default_value", 
"is_auto_number")
 VALUES ('2dbb70f6-c49d-4142-884b-ca0c15fb3085', 
'9af6ef0e-6bd2-45e7-bb7b-193891f2b217', 
'UseSSLCheckServerIdentity', 
'usesslcheckserveridentity', 
10, 
0, 
'false', 
false);
INSERT INTO "mendixsystem$attribute" ("id", 
"entity_id", 
"attribute_name", 
"column_name", 
"type", 
"length", 
"default_value", 
"is_auto_number")
 VALUES ('6e868216-5ca5-419e-b703-ad276bec4754', 
'9af6ef0e-6bd2-45e7-bb7b-193891f2b217', 
'isOAuthUsed', 
'isoauthused', 
10, 
0, 
'false', 
false);
INSERT INTO "mendixsystem$attribute" ("id", 
"entity_id", 
"attribute_name", 
"column_name", 
"type", 
"length", 
"default_value", 
"is_auto_number")
 VALUES ('3d50d536-23a6-3be1-afbd-d5d147e424d1', 
'9af6ef0e-6bd2-45e7-bb7b-193891f2b217', 
'createdDate', 
'createddate', 
20, 
0, 
'', 
false);
INSERT INTO "mendixsystem$attribute" ("id", 
"entity_id", 
"attribute_name", 
"column_name", 
"type", 
"length", 
"default_value", 
"is_auto_number")
 VALUES ('64880a88-6dd2-3654-93e2-8cf4e7d695b3', 
'9af6ef0e-6bd2-45e7-bb7b-193891f2b217', 
'changedDate', 
'changeddate', 
20, 
0, 
'', 
false);
INSERT INTO "mendixsystem$index" ("id", 
"table_id", 
"index_name")
 VALUES ('41300aba-5b79-3cdd-a626-3af1eac13308', 
'9af6ef0e-6bd2-45e7-bb7b-193891f2b217', 
'idx_emailtemplate$emailsettings_system$changedby');
INSERT INTO "mendixsystem$index_column" ("index_id", 
"column_id", 
"sort_order", 
"ordinal")
 VALUES ('41300aba-5b79-3cdd-a626-3af1eac13308', 
'8ef401ff-f567-3cbc-bda4-723963b7be57', 
false, 
0);
INSERT INTO "mendixsystem$index" ("id", 
"table_id", 
"index_name")
 VALUES ('f094f61f-7bf2-3abd-a3a0-90fdcfa9629f', 
'9af6ef0e-6bd2-45e7-bb7b-193891f2b217', 
'idx_emailtemplate$emailsettings_system$owner');
INSERT INTO "mendixsystem$index_column" ("index_id", 
"column_id", 
"sort_order", 
"ordinal")
 VALUES ('f094f61f-7bf2-3abd-a3a0-90fdcfa9629f', 
'fcf42a26-c720-37a5-b05c-f03b17a7b71c', 
false, 
0);
INSERT INTO "mendixsystem$association" ("id", 
"association_name", 
"table_name", 
"parent_entity_id", 
"child_entity_id", 
"parent_column_name", 
"child_column_name")
 VALUES ('8ef401ff-f567-3cbc-bda4-723963b7be57', 
'System.changedBy', 
'system$changedby', 
'9af6ef0e-6bd2-45e7-bb7b-193891f2b217', 
'282e2e60-88a5-469d-84a5-ba8d9151644f', 
'id', 
'system$changedby');
INSERT INTO "mendixsystem$association" ("id", 
"association_name", 
"table_name", 
"parent_entity_id", 
"child_entity_id", 
"parent_column_name", 
"child_column_name")
 VALUES ('fcf42a26-c720-37a5-b05c-f03b17a7b71c', 
'System.owner', 
'system$owner', 
'9af6ef0e-6bd2-45e7-bb7b-193891f2b217', 
'282e2e60-88a5-469d-84a5-ba8d9151644f', 
'id', 
'system$owner');
CREATE TABLE "emailtemplate$emailsettings_oauthproviderdetails" (
	"emailtemplate$emailsettingsid" BIGINT NOT NULL,
	"emailtemplate$oauthproviderdetailsid" BIGINT NOT NULL,
	PRIMARY KEY("emailtemplate$emailsettingsid","emailtemplate$oauthproviderdetailsid"),
	CONSTRAINT "uniq_emailtemplate$emailsettings_oauthproviderdetails_emailtemplate$emailsettingsid" UNIQUE ("emailtemplate$emailsettingsid"));
CREATE INDEX "idx_emailtemplate$emailsettings_oauthproviderdetails_emailtemplate$oauthproviderdetails_emailtemplate$emailsettings" ON "emailtemplate$emailsettings_oauthproviderdetails" ("emailtemplate$oauthproviderdetailsid" ASC,"emailtemplate$emailsettingsid" ASC);
INSERT INTO "mendixsystem$association" ("id", 
"association_name", 
"table_name", 
"parent_entity_id", 
"child_entity_id", 
"parent_column_name", 
"child_column_name", 
"index_name")
 VALUES ('2ab81ae7-d3f3-45f3-8e6d-fde0748a3c4e', 
'EmailTemplate.EmailSettings_OAuthProviderDetails', 
'emailtemplate$emailsettings_oauthproviderdetails', 
'9af6ef0e-6bd2-45e7-bb7b-193891f2b217', 
'dc8e3a10-0e5d-499d-8de7-8b25f24490df', 
'emailtemplate$emailsettingsid', 
'emailtemplate$oauthproviderdetailsid', 
'idx_emailtemplate$emailsettings_oauthproviderdetails_emailtemplate$oauthproviderdetails_emailtemplate$emailsettings');
INSERT INTO "mendixsystem$unique_constraint" ("name", 
"table_id", 
"column_id")
 VALUES ('uniq_emailtemplate$emailsettings_oauthproviderdetails_emailtemplate$emailsettingsid', 
'2ab81ae7-d3f3-45f3-8e6d-fde0748a3c4e', 
'533fe76a-0f8a-3715-903c-fc7741eb2a53');
CREATE TABLE "emailtemplate$attachment" (
	"id" BIGINT NOT NULL,
	PRIMARY KEY("id"));
INSERT INTO "mendixsystem$entity" ("id", 
"entity_name", 
"table_name", 
"superentity_id", 
"remote", 
"remote_primary_key")
 VALUES ('2e07d1cd-a23e-4f9d-9009-22c4aac9ee3a', 
'EmailTemplate.Attachment', 
'emailtemplate$attachment', 
'170ce49d-f29c-4fac-99a6-b55e8a3aeb39', 
false, 
false);
CREATE TABLE "emailtemplate$attachment_email" (
	"emailtemplate$attachmentid" BIGINT NOT NULL,
	"emailtemplate$emailid" BIGINT NOT NULL,
	PRIMARY KEY("emailtemplate$attachmentid","emailtemplate$emailid"),
	CONSTRAINT "uniq_emailtemplate$attachment_email_emailtemplate$attachmentid" UNIQUE ("emailtemplate$attachmentid"));
CREATE INDEX "idx_emailtemplate$attachment_email_emailtemplate$email_emailtemplate$attachment" ON "emailtemplate$attachment_email" ("emailtemplate$emailid" ASC,"emailtemplate$attachmentid" ASC);
INSERT INTO "mendixsystem$association" ("id", 
"association_name", 
"table_name", 
"parent_entity_id", 
"child_entity_id", 
"parent_column_name", 
"child_column_name", 
"index_name")
 VALUES ('e8063af9-7d0a-45b9-9b0c-caa8e5585ff0', 
'EmailTemplate.Attachment_Email', 
'emailtemplate$attachment_email', 
'2e07d1cd-a23e-4f9d-9009-22c4aac9ee3a', 
'b50dab91-4a0d-4503-a3cd-59d628166ec4', 
'emailtemplate$attachmentid', 
'emailtemplate$emailid', 
'idx_emailtemplate$attachment_email_emailtemplate$email_emailtemplate$attachment');
INSERT INTO "mendixsystem$unique_constraint" ("name", 
"table_id", 
"column_id")
 VALUES ('uniq_emailtemplate$attachment_email_emailtemplate$attachmentid', 
'e8063af9-7d0a-45b9-9b0c-caa8e5585ff0', 
'474ff60d-bf0f-3d12-83e9-b246755451ac');
CREATE TABLE "emailtemplate$attachment_emailtemplate" (
	"emailtemplate$attachmentid" BIGINT NOT NULL,
	"emailtemplate$emailtemplateid" BIGINT NOT NULL,
	PRIMARY KEY("emailtemplate$attachmentid","emailtemplate$emailtemplateid"),
	CONSTRAINT "uniq_emailtemplate$attachment_emailtemplate_emailtemplate$attachmentid" UNIQUE ("emailtemplate$attachmentid"));
CREATE INDEX "idx_emailtemplate$attachment_emailtemplate_emailtemplate$emailtemplate_emailtemplate$attachment" ON "emailtemplate$attachment_emailtemplate" ("emailtemplate$emailtemplateid" ASC,"emailtemplate$attachmentid" ASC);
INSERT INTO "mendixsystem$association" ("id", 
"association_name", 
"table_name", 
"parent_entity_id", 
"child_entity_id", 
"parent_column_name", 
"child_column_name", 
"index_name")
 VALUES ('cb100aae-f158-48e7-bbc7-91d164786145', 
'EmailTemplate.Attachment_EmailTemplate', 
'emailtemplate$attachment_emailtemplate', 
'2e07d1cd-a23e-4f9d-9009-22c4aac9ee3a', 
'2594eafc-8b95-473d-9f64-70087fc0a239', 
'emailtemplate$attachmentid', 
'emailtemplate$emailtemplateid', 
'idx_emailtemplate$attachment_emailtemplate_emailtemplate$emailtemplate_emailtemplate$attachment');
INSERT INTO "mendixsystem$unique_constraint" ("name", 
"table_id", 
"column_id")
 VALUES ('uniq_emailtemplate$attachment_emailtemplate_emailtemplate$attachmentid', 
'cb100aae-f158-48e7-bbc7-91d164786145', 
'fd53ca97-7781-3aa1-9a6f-6f1dcb0b18d4');
CREATE TABLE "lets_travel$touristbookingdetails_tourist" (
	"lets_travel$touristbookingdetailsid" BIGINT NOT NULL,
	"lets_travel$touristid" BIGINT NOT NULL,
	PRIMARY KEY("lets_travel$touristbookingdetailsid","lets_travel$touristid"),
	CONSTRAINT "uniq_lets_travel$touristbookingdetails_tourist_lets_travel$touristbookingdetailsid" UNIQUE ("lets_travel$touristbookingdetailsid"));
CREATE INDEX "idx_lets_travel$touristbookingdetails_tourist_lets_travel$tourist_lets_travel$touristbookingdetails" ON "lets_travel$touristbookingdetails_tourist" ("lets_travel$touristid" ASC,"lets_travel$touristbookingdetailsid" ASC);
INSERT INTO "mendixsystem$association" ("id", 
"association_name", 
"table_name", 
"parent_entity_id", 
"child_entity_id", 
"parent_column_name", 
"child_column_name", 
"index_name")
 VALUES ('661f8791-2375-4f85-8b47-8d917a3c1358', 
'Lets_Travel.TouristBookingDetails_Tourist', 
'lets_travel$touristbookingdetails_tourist', 
'69cb2d1a-b3f6-4c68-a6d2-780fef77b8b2', 
'4856c549-d90b-4763-80c6-d806c7b2b4e2', 
'lets_travel$touristbookingdetailsid', 
'lets_travel$touristid', 
'idx_lets_travel$touristbookingdetails_tourist_lets_travel$tourist_lets_travel$touristbookingdetails');
INSERT INTO "mendixsystem$unique_constraint" ("name", 
"table_id", 
"column_id")
 VALUES ('uniq_lets_travel$touristbookingdetails_tourist_lets_travel$touristbookingdetailsid', 
'661f8791-2375-4f85-8b47-8d917a3c1358', 
'12528189-f5a5-3665-8f5b-c5deafc7000b');
UPDATE "mendixsystem$version"
 SET "versionnumber" = '4.2', 
"lastsyncdate" = '20220803 15:54:04';
